Progress,Duration (in seconds),Finished,RecordedDate,DistributionChannel,UserLanguage,consent,gender,gender_3_TEXT,ethnicity,ethnicity_10_TEXT,age,attention_check,tribe_preference,choleric_definition,comments,PROLIFIC_PID,condition,condition_1-tribe_a-positive_trait_1,condition_1-tribe_a-positive_trait_2,condition_1-tribe_a-positive_trait_3,condition_1-tribe_a-positive_trait_4,condition_1-tribe_a-positive_trait_5,condition_1-tribe_a-positive_trait_6,condition_1-tribe_a-negative_trait_1,condition_1-tribe_a-negative_trait_2,condition_1-tribe_a-negative_trait_3,condition_1-tribe_a-negative_trait_4,condition_1-tribe_a-negative_trait_5,condition_1-tribe_a-negative_trait_6,condition_1-tribe_b-positive_trait_1,condition_1-tribe_b-positive_trait_2,condition_1-tribe_b-positive_trait_3,condition_1-tribe_b-positive_trait_4,condition_1-tribe_b-positive_trait_5,condition_1-tribe_b-positive_trait_6,condition_1-tribe_b-negative_trait_1,condition_1-tribe_b-negative_trait_2,condition_1-tribe_b-negative_trait_3,condition_1-tribe_b-negative_trait_4,condition_1-tribe_b-negative_trait_5,condition_1-tribe_b-negative_trait_6,condition_2-tribe_a-positive_trait_1,condition_2-tribe_a-positive_trait_2,condition_2-tribe_a-positive_trait_3,condition_2-tribe_a-positive_trait_4,condition_2-tribe_a-positive_trait_5,condition_2-tribe_a-positive_trait_6,condition_2-tribe_a-negative_trait_1,condition_2-tribe_a-negative_trait_2,condition_2-tribe_a-negative_trait_3,condition_2-tribe_a-negative_trait_4,condition_2-tribe_a-negative_trait_5,condition_2-tribe_a-negative_trait_6,condition_2-tribe_b-positive_trait_1,condition_2-tribe_b-positive_trait_2,condition_2-tribe_b-positive_trait_3,condition_2-tribe_b-positive_trait_4,condition_2-tribe_b-positive_trait_5,condition_2-tribe_b-positive_trait_6,condition_2-tribe_b-negative_trait_1,condition_2-tribe_b-negative_trait_2,condition_2-tribe_b-negative_trait_3,condition_2-tribe_b-negative_trait_4,condition_2-tribe_b-negative_trait_5,condition_2-tribe_b-negative_trait_6,condition_3-tribe_b-positive_trait_1,condition_3-tribe_b-positive_trait_2,condition_3-tribe_b-positive_trait_3,condition_3-tribe_b-positive_trait_4,condition_3-tribe_b-positive_trait_5,condition_3-tribe_b-positive_trait_6,condition_3-tribe_b-negative_trait_1,condition_3-tribe_b-negative_trait_2,condition_3-tribe_b-negative_trait_3,condition_3-tribe_b-negative_trait_4,condition_3-tribe_b-negative_trait_5,condition_3-tribe_b-negative_trait_6,condition_3-tribe_a-positive_trait_1,condition_3-tribe_a-positive_trait_2,condition_3-tribe_a-positive_trait_3,condition_3-tribe_a-positive_trait_4,condition_3-tribe_a-positive_trait_5,condition_3-tribe_a-positive_trait_6,condition_3-tribe_a-negative_trait_1,condition_3-tribe_a-negative_trait_2,condition_3-tribe_a-negative_trait_3,condition_3-tribe_a-negative_trait_4,condition_3-tribe_a-negative_trait_5,condition_3-tribe_a-negative_trait_6,condition_4-tribe_b-positive_trait_1,condition_4-tribe_b-positive_trait_2,condition_4-tribe_b-positive_trait_3,condition_4-tribe_b-positive_trait_4,condition_4-tribe_b-positive_trait_5,condition_4-tribe_b-positive_trait_6,condition_4-tribe_b-negative_trait_1,condition_4-tribe_b-negative_trait_2,condition_4-tribe_b-negative_trait_3,condition_4-tribe_b-negative_trait_4,condition_4-tribe_b-negative_trait_5,condition_4-tribe_b-negative_trait_6,condition_4-tribe_a-positive_trait_1,condition_4-tribe_a-positive_trait_2,condition_4-tribe_a-positive_trait_3,condition_4-tribe_a-positive_trait_4,condition_4-tribe_a-positive_trait_5,condition_4-tribe_a-positive_trait_6,condition_4-tribe_a-negative_trait_1,condition_4-tribe_a-negative_trait_2,condition_4-tribe_a-negative_trait_3,condition_4-tribe_a-negative_trait_4,condition_4-tribe_a-negative_trait_5,condition_4-tribe_a-negative_trait_6
Progress,Duration (in seconds),Finished,Recorded Date,Distribution Channel,User Language,"Information and consent for participants

Thank you for considering participating in this study. This information sheet outlines the purpose of the study and provides a description of your involvement and rights as a participant, if you agree to take part. 

 

1. What is the research about?

This study is about how we evaluate new groups. You will be asked to imagine that you meet a new alien tribe and its members and evaluate this group. This study is part of a larger project that is suppored by the US Department of Defense through an award to the Center for Open Science. Information on this will be collected through the subsequent short questionnaire, which takes less than ten minutes and is followed by a debriefing. 

 

2. Do I have to take part?

It is up to you to decide whether to take part in it. You do not have to take part if you do not want to. If you do decide to take part, we will ask you to click ‘Yes’ at the end of this page.

 

3. What will my involvement be?

You will be asked to imagine that you travel to a remote planet where you encounter two different alien tribes; we will provide you with ifnormation on these tribes and ask you to evaluate the information. 

As this protocol does not pose more than minimal risk, in the unlikely event of a medical emergency, no medical treatment will be administered by the research team, nor will you be compensated for any treatment sought independently.

 

4. How do I withdraw from the study?

You can withdraw from the study at any point, without having to give a reason, by exiting the survey. If any questions during the questionnaire make you feel uncomfortable, you do not have to answer them. Withdrawing from the study will have no effect on you. If you withdraw from the study we will not retain the information you have given thus far. However, because data collected becomes anonymous upon completion of the questionnaire, it will not be possible to locate and delete a participant’s data once you have completed the questionnaire.

 

5. What will my information be used for?

We collected information for a research project to gain insight into how participants evaluate novel groups. In addition, this research is part of a large-scale effort to assess and predict replicability of social-behavioral science findings.

 

6. Will my taking part and my data be kept confidential? Will it be anonymised?

The records from this study will be kept as confidential as possible. Your data is anonymised – your name is not recorded and will not be used in any reports or publications resulting from the study. 

 

7. Who has reviewed this study?

This study has undergone ethics review in accordance with the LSE Research Ethics Policy and Procedure. In addition, this study has undergone ethics review in accordance with this US Department of Defense Human Research Protection Office (HRPO). This means that authorized representatives from the US Department of Defense Human Research Protection Program may review and/or obtain information related to your participation in this research study as part of their responsibility to protect human research subject volunteers.

 

8. Data Protection Privacy Notice

The LSE Research Privacy Policy can be found at: https://info.lse.ac.uk/staff/divisions/Secretarys-Division/Assets/Documents/Information-Records-Management/Privacy-Notice-for-Research-v1.1.pdf

The legal basis used to process special category personal data (e.g. data that reveals racial or ethnic origin, political opinions, religious or philosophical beliefs, trade union membership, health, sex life or sexual orientation, genetic or biometric data) will be for scientific and historical research or statistical purposes.

To request a copy of the data held about you please contact: glpd.info.rights@lse.ac.uk

We collect data via an Qualtrics survey and Prolific Academic; these two services are cloud-based and therefore data breaches are possible.


9. How will my personal information be protected?

To the best of our ability your answers in this study will remain confidential. We will minimize any risks by not collecting identifiable data like your name, email address etc. Data will be kept secure on a password protected computer and both Qualtrics as well as Prolific Academic have procedures that deal with data protection and privacy (see here https://www.qualtrics.com/support/survey-platform/getting-started/qualtrics-gdpr-compliance/ and here: https://researcher-help.prolific.co/hc/en-gb/articles/360009094594-Data-Protection-and-Privacy and here https://www.prolific.co/assets/docs/Prolific_privacy-policy.pdf). 

Please find information on Terms of Services here: Qualtrics: https://www.qualtrics.com/terms-of-service/

Prolific Academic: https://www.prolific.co/assets/docs/Participant_Terms.pdf; and here: 

https://www.prolific.co/assets/docs/Terms_of_Use.pdf


10. What if I have a question or complaint?

If you have any questions regarding this study please contact the Dr Ilka Gleibs (i.h.gleibs@lse.ac.uk). 

If you have any concerns or complaints regarding the conduct of this research, please contact the LSE Research Governance Manager via research.ethics@lse.ac.uk. 

 

Having read all of the above, are you happy to take part in this study?","Before we start with the survey, we would like to ask a few questions about yourself.



Which of the following best describes your gender? - Selected Choice","Before we start with the survey, we would like to ask a few questions about yourself.



Which of the following best describes your gender? - Non-binary (please specify): - Text",Which of the following best describes your ethnicity? - Selected Choice,Which of the following best describes your ethnicity? - Other (please specify): - Text,How old are you?,"The flower test is simple. When asked for your favorite flower, you must enter the word ""pilut"" in the answer box.
Based on the text you read above, what flower have you been asked to enter?","If you had to decide, which of the two alien tribes do you find more likeable?",How would you describe someone who is choleric?,"Thank you for your participation in this research! Your contribution will be very important to the successful completion of our project.

 

In this debrief form, we want to explain the research in more detail.

 

The aim of this study is to examine what influences people's impression formation of novel groups. More precisely, the assumption is that a novel group is associated with and evaluated on the basis of their unique attributes and participants prefer the first of two ‘alien’ groups when unique traits are negative and shared attributes are positive, but the reverse is true when the unique attributes are positive and shared attributes are negative.

 

In order to frame these variables to you, you were randomly allocated to you to one of two conditions. You either saw shared positive and unique negative traits for Alien group 2 or shared negative and unique positive traits for Alien group 2.

 

This study is part of a larger project that is supported by the US Department of Defense through an award to the Center for Open Science and part of this research is to replicate Study 1 from this paper:

Alves, H., Koch, A., & Unkelbach, C. (2018). A cognitive-ecological explanation of intergroup biases. Psychological science, 29(7), 1126-1133.



If you have any questions or concerns regarding your participation in this study, please contact Dr Ilka Gleibs (i.h.gleibs@lse.ac.uk).
Please click NEXT to be redirected to the Prolific page for your payment. 
If that's not working, please copy-and-paste the link: https://app.prolific.co/submissions/complete?cc=6D9E7E39",PROLIFIC_PID,condition,condition_1-tribe_a-positive_trait_1,condition_1-tribe_a-positive_trait_2,condition_1-tribe_a-positive_trait_3,condition_1-tribe_a-positive_trait_4,condition_1-tribe_a-positive_trait_5,condition_1-tribe_a-positive_trait_6,condition_1-tribe_a-negative_trait_1,condition_1-tribe_a-negative_trait_2,condition_1-tribe_a-negative_trait_3,condition_1-tribe_a-negative_trait_4,condition_1-tribe_a-negative_trait_5,condition_1-tribe_a-negative_trait_6,condition_1-tribe_b-positive_trait_1,condition_1-tribe_b-positive_trait_2,condition_1-tribe_b-positive_trait_3,condition_1-tribe_b-positive_trait_4,condition_1-tribe_b-positive_trait_5,condition_1-tribe_b-positive_trait_6,condition_1-tribe_b-negative_trait_1,condition_1-tribe_b-negative_trait_2,condition_1-tribe_b-negative_trait_3,condition_1-tribe_b-negative_trait_4,condition_1-tribe_b-negative_trait_5,condition_1-tribe_b-negative_trait_6,condition_2-tribe_a-positive_trait_1,condition_2-tribe_a-positive_trait_2,condition_2-tribe_a-positive_trait_3,condition_2-tribe_a-positive_trait_4,condition_2-tribe_a-positive_trait_5,condition_2-tribe_a-positive_trait_6,condition_2-tribe_a-negative_trait_1,condition_2-tribe_a-negative_trait_2,condition_2-tribe_a-negative_trait_3,condition_2-tribe_a-negative_trait_4,condition_2-tribe_a-negative_trait_5,condition_2-tribe_a-negative_trait_6,condition_2-tribe_b-positive_trait_1,condition_2-tribe_b-positive_trait_2,condition_2-tribe_b-positive_trait_3,condition_2-tribe_b-positive_trait_4,condition_2-tribe_b-positive_trait_5,condition_2-tribe_b-positive_trait_6,condition_2-tribe_b-negative_trait_1,condition_2-tribe_b-negative_trait_2,condition_2-tribe_b-negative_trait_3,condition_2-tribe_b-negative_trait_4,condition_2-tribe_b-negative_trait_5,condition_2-tribe_b-negative_trait_6,condition_3-tribe_b-positive_trait_1,condition_3-tribe_b-positive_trait_2,condition_3-tribe_b-positive_trait_3,condition_3-tribe_b-positive_trait_4,condition_3-tribe_b-positive_trait_5,condition_3-tribe_b-positive_trait_6,condition_3-tribe_b-negative_trait_1,condition_3-tribe_b-negative_trait_2,condition_3-tribe_b-negative_trait_3,condition_3-tribe_b-negative_trait_4,condition_3-tribe_b-negative_trait_5,condition_3-tribe_b-negative_trait_6,condition_3-tribe_a-positive_trait_1,condition_3-tribe_a-positive_trait_2,condition_3-tribe_a-positive_trait_3,condition_3-tribe_a-positive_trait_4,condition_3-tribe_a-positive_trait_5,condition_3-tribe_a-positive_trait_6,condition_3-tribe_a-negative_trait_1,condition_3-tribe_a-negative_trait_2,condition_3-tribe_a-negative_trait_3,condition_3-tribe_a-negative_trait_4,condition_3-tribe_a-negative_trait_5,condition_3-tribe_a-negative_trait_6,condition_4-tribe_b-positive_trait_1,condition_4-tribe_b-positive_trait_2,condition_4-tribe_b-positive_trait_3,condition_4-tribe_b-positive_trait_4,condition_4-tribe_b-positive_trait_5,condition_4-tribe_b-positive_trait_6,condition_4-tribe_b-negative_trait_1,condition_4-tribe_b-negative_trait_2,condition_4-tribe_b-negative_trait_3,condition_4-tribe_b-negative_trait_4,condition_4-tribe_b-negative_trait_5,condition_4-tribe_b-negative_trait_6,condition_4-tribe_a-positive_trait_1,condition_4-tribe_a-positive_trait_2,condition_4-tribe_a-positive_trait_3,condition_4-tribe_a-positive_trait_4,condition_4-tribe_a-positive_trait_5,condition_4-tribe_a-positive_trait_6,condition_4-tribe_a-negative_trait_1,condition_4-tribe_a-negative_trait_2,condition_4-tribe_a-negative_trait_3,condition_4-tribe_a-negative_trait_4,condition_4-tribe_a-negative_trait_5,condition_4-tribe_a-negative_trait_6
100,6,1,23/06/2020 10:47,anonymous,EN,2,,,,,,,,,,,,,,,,,,,,,,,,,,,,,,,,,,,,,,,,,,,,,,,,,,,,,,,,,,,,,,,,,,,,,,,,,,,,,,,,,,,,,,,,,,,,,,,,,,,,,,,,,,,
100,161,1,23/06/2020 10:54,anonymous,EN,1,2,,5,,35,pilut,0,1,,,2,,,,,,,,,,,,,,,,,,,,,,,,,Tolerant,,Funny,Relaxed,,,Resentful,,Faithless,Choleric,,,,Likeable,,,Caring,Trustworthy,Resentful,,Faithless,Choleric,,,,,,,,,,,,,,,,,,,,,,,,,,,,,,,,,,,,,,,,,,,,,,,,,,
100,130,1,23/06/2020 10:54,anonymous,EN,1,2,,5,,35,pilut,1,2,,,3,,,,,,,,,,,,,,,,,,,,,,,,,,,,,,,,,,,,,,,,,,,,,,,,,,Likeable,,,Caring,Trustworthy,,Dumb,Faithless,,,Egoistic,,Likeable,,,Caring,Trustworthy,Resentful,,,Choleric,Withdrawn,,,,,,,,,,,,,,,,,,,,,,,,,
100,205,1,23/06/2020 10:55,anonymous,EN,1,2,,5,,18,pilut,1,1,,,4,,,,,,,,,,,,,,,,,,,,,,,,,,,,,,,,,,,,,,,,,,,,,,,,,,,,,,,,,,,,,,,,,,,,,,,,,,,,Relaxed,Caring,Trustworthy,Resentful,,Faithless,,,Egoistic,Tolerant,Likeable,Funny,,,,Resentful,,Faithless,,,Egoistic
100,264,1,23/06/2020 10:56,anonymous,EN,1,1,,5,,25,pilut,0,1,,,2,,,,,,,,,,,,,,,,,,,,,,,,,,,,Relaxed,Caring,Trustworthy,,Dumb,Faithless,Choleric,,,Tolerant,Likeable,Funny,,,,,Dumb,Faithless,Choleric,,,,,,,,,,,,,,,,,,,,,,,,,,,,,,,,,,,,,,,,,,,,,,,,,,
100,182,1,23/06/2020 10:58,anonymous,EN,1,1,,5,,24,pilut,1,1,,,3,,,,,,,,,,,,,,,,,,,,,,,,,,,,,,,,,,,,,,,,,,,,,,,,,,Likeable,Funny,,Caring,,Resentful,,,Choleric,Withdrawn,,,Likeable,Funny,,Caring,,,Dumb,Faithless,,,Egoistic,,,,,,,,,,,,,,,,,,,,,,,,
100,206,1,23/06/2020 10:58,anonymous,EN,1,1,,4,,23,Pilut,0,1,,,2,,,,,,,,,,,,,,,,,,,,,,,,,Tolerant,Likeable,,,Caring,,Resentful,,,,Withdrawn,Egoistic,,,Funny,Relaxed,,Trustworthy,Resentful,,,,Withdrawn,Egoistic,,,,,,,,,,,,,,,,,,,,,,,,,,,,,,,,,,,,,,,,,,,,,,,,
100,303,1,23/06/2020 10:58,anonymous,EN,1,2,,4,,23,Pilut,0,1,,,4,,,,,,,,,,,,,,,,,,,,,,,,,,,,,,,,,,,,,,,,,,,,,,,,,,,,,,,,,,,,,,,,,,,,,,,,,,Likeable,,Relaxed,Caring,,Resentful,Dumb,,Choleric,,,Tolerant,,Funny,,,Trustworthy,Resentful,Dumb,,Choleric,,
100,227,1,23/06/2020 10:59,anonymous,EN,1,1,,4,,26,tulip,1,1,,,1,Tolerant,Likeable,,Relaxed,,,,Dumb,Faithless,,Withdrawn,,Tolerant,Likeable,,Relaxed,,,Resentful,,,Choleric,,Egoistic,,,,,,,,,,,,,,,,,,,,,,,,,,,,,,,,,,,,,,,,,,,,,,,,,,,,,,,,,,,,,,,,,,,,,,,,
100,150,1,23/06/2020 10:59,anonymous,EN,1,2,,5,,43,pilut,0,2,,,1,,,Funny,Relaxed,Caring,,,,Faithless,,Withdrawn,Egoistic,,,Funny,Relaxed,Caring,,Resentful,Dumb,,Choleric,,,,,,,,,,,,,,,,,,,,,,,,,,,,,,,,,,,,,,,,,,,,,,,,,,,,,,,,,,,,,,,,,,,,,,,,,,
100,366,1,23/06/2020 11:00,anonymous,EN,1,1,,5,,54,Pilut,0,2,,,1,,Likeable,Funny,,,Trustworthy,Resentful,,,Choleric,,Egoistic,,Likeable,Funny,,,Trustworthy,,Dumb,Faithless,,Withdrawn,,,,,,,,,,,,,,,,,,,,,,,,,,,,,,,,,,,,,,,,,,,,,,,,,,,,,,,,,,,,,,,,,,,,,,,,,
100,298,1,23/06/2020 11:00,anonymous,EN,1,2,,5,,28,Pilut,0,1,,,4,,,,,,,,,,,,,,,,,,,,,,,,,,,,,,,,,,,,,,,,,,,,,,,,,,,,,,,,,,,,,,,,,,,,,,,,,Tolerant,Likeable,,,,Trustworthy,,Dumb,Faithless,Choleric,,,,,Funny,Relaxed,Caring,,,Dumb,Faithless,Choleric,,
100,355,1,23/06/2020 11:00,anonymous,EN,1,1,,5,,22,pilut,0,1,,,1,Tolerant,,Funny,,Caring,,,Dumb,,Choleric,,Egoistic,Tolerant,,Funny,,Caring,,Resentful,,Faithless,,Withdrawn,,,,,,,,,,,,,,,,,,,,,,,,,,,,,,,,,,,,,,,,,,,,,,,,,,,,,,,,,,,,,,,,,,,,,,,,,
100,382,1,23/06/2020 11:00,anonymous,EN,1,1,,5,,23,pilut,1,1,,,2,,,,,,,,,,,,,,,,,,,,,,,,,,Likeable,Funny,Relaxed,,,,Dumb,,,Withdrawn,Egoistic,Tolerant,,,,Caring,Trustworthy,,Dumb,,,Withdrawn,Egoistic,,,,,,,,,,,,,,,,,,,,,,,,,,,,,,,,,,,,,,,,,,,,,,,,
100,169,1,23/06/2020 11:00,anonymous,EN,1,2,,5,,24,pilut,1,1,,,1,,Likeable,Funny,,,Trustworthy,,Dumb,Faithless,,Withdrawn,,,Likeable,Funny,,,Trustworthy,Resentful,,,Choleric,,Egoistic,,,,,,,,,,,,,,,,,,,,,,,,,,,,,,,,,,,,,,,,,,,,,,,,,,,,,,,,,,,,,,,,,,,,,,,,
100,272,1,23/06/2020 11:01,anonymous,EN,1,1,,5,,45,pilut,1,1,,,3,,,,,,,,,,,,,,,,,,,,,,,,,,,,,,,,,,,,,,,,,,,,,,,,,Tolerant,Likeable,,Relaxed,,,,,Faithless,Choleric,,Egoistic,Tolerant,Likeable,,Relaxed,,,Resentful,Dumb,,,Withdrawn,,,,,,,,,,,,,,,,,,,,,,,,,
100,267,1,23/06/2020 11:01,anonymous,EN,1,1,,4,,27,Pilut,0,1,,,4,,,,,,,,,,,,,,,,,,,,,,,,,,,,,,,,,,,,,,,,,,,,,,,,,,,,,,,,,,,,,,,,,,,,,,,,,,,,Relaxed,Caring,Trustworthy,,Dumb,Faithless,,Withdrawn,,Tolerant,Likeable,Funny,,,,,Dumb,Faithless,,Withdrawn,
100,379,1,23/06/2020 11:01,anonymous,EN,1,1,,5,,35,pilut,1,1,,,4,,,,,,,,,,,,,,,,,,,,,,,,,,,,,,,,,,,,,,,,,,,,,,,,,,,,,,,,,,,,,,,,,,,,,,,,,,Likeable,Funny,Relaxed,,,,,Faithless,,Withdrawn,Egoistic,Tolerant,,,,Caring,Trustworthy,,,Faithless,,Withdrawn,Egoistic
100,202,1,23/06/2020 11:01,anonymous,EN,1,2,,9,,24,pilut,1,2,,,2,,,,,,,,,,,,,,,,,,,,,,,,,,,,Relaxed,Caring,Trustworthy,,,Faithless,Choleric,,Egoistic,Tolerant,Likeable,Funny,,,,,,Faithless,Choleric,,Egoistic,,,,,,,,,,,,,,,,,,,,,,,,,,,,,,,,,,,,,,,,,,,,,,,,
100,156,1,23/06/2020 11:02,anonymous,EN,1,2,,4,,28,pilut,1,2,,,4,,,,,,,,,,,,,,,,,,,,,,,,,,,,,,,,,,,,,,,,,,,,,,,,,,,,,,,,,,,,,,,,,,,,,,,,,Tolerant,Likeable,Funny,,,,,Dumb,,Choleric,,Egoistic,,,,Relaxed,Caring,Trustworthy,,Dumb,,Choleric,,Egoistic
100,173,1,23/06/2020 11:02,anonymous,EN,1,2,,4,,41,Pilut ,0,1,5c716cb5ceb78e00015605b7,,4,,,,,,,,,,,,,,,,,,,,,,,,,,,,,,,,,,,,,,,,,,,,,,,,,,,,,,,,,,,,,,,,,,,,,,,,,Tolerant,,,Relaxed,,Trustworthy,Resentful,Dumb,,,,Egoistic,,Likeable,Funny,,Caring,,Resentful,Dumb,,,,Egoistic
100,253,1,23/06/2020 11:02,anonymous,EN,1,1,,5,,27,Favorite,1,1,,,3,,,,,,,,,,,,,,,,,,,,,,,,,,,,,,,,,,,,,,,,,,,,,,,,,Tolerant,Likeable,,,Caring,,Resentful,Dumb,,,,Egoistic,Tolerant,Likeable,,,Caring,,,,Faithless,Choleric,Withdrawn,,,,,,,,,,,,,,,,,,,,,,,,,
100,456,1,23/06/2020 11:02,anonymous,EN,1,1,,5,,28,Pilut,1,1,,,3,,,,,,,,,,,,,,,,,,,,,,,,,,,,,,,,,,,,,,,,,,,,,,,,,Tolerant,,,Relaxed,,Trustworthy,,Dumb,,Choleric,Withdrawn,,Tolerant,,,Relaxed,,Trustworthy,Resentful,,Faithless,,,Egoistic,,,,,,,,,,,,,,,,,,,,,,,,
100,320,1,23/06/2020 11:02,anonymous,EN,1,2,,4,,35,pilut,0,1,,,4,,,,,,,,,,,,,,,,,,,,,,,,,,,,,,,,,,,,,,,,,,,,,,,,,,,,,,,,,,,,,,,,,,,,,,,,,,Likeable,Funny,,Caring,,Resentful,Dumb,,,Withdrawn,,Tolerant,,,Relaxed,,Trustworthy,Resentful,Dumb,,,Withdrawn,
100,381,1,23/06/2020 11:02,anonymous,EN,1,2,,5,,23,pilut,1,1,,,2,,,,,,,,,,,,,,,,,,,,,,,,,,Likeable,,Relaxed,,Trustworthy,Resentful,Dumb,,,,Egoistic,Tolerant,,Funny,,Caring,,Resentful,Dumb,,,,Egoistic,,,,,,,,,,,,,,,,,,,,,,,,,,,,,,,,,,,,,,,,,,,,,,,,
100,126,1,23/06/2020 11:02,anonymous,EN,1,2,,5,,20,pilut,1,2,,,3,,,,,,,,,,,,,,,,,,,,,,,,,,,,,,,,,,,,,,,,,,,,,,,,,,Likeable,Funny,,Caring,,,,Faithless,Choleric,Withdrawn,,,Likeable,Funny,,Caring,,Resentful,Dumb,,,,Egoistic,,,,,,,,,,,,,,,,,,,,,,,,
100,182,1,23/06/2020 11:02,anonymous,EN,1,2,,4,,21,pilut,1,4,,,4,,,,,,,,,,,,,,,,,,,,,,,,,,,,,,,,,,,,,,,,,,,,,,,,,,,,,,,,,,,,,,,,,,,,,,,,,,,Funny,Relaxed,Caring,,Resentful,,,Choleric,,Egoistic,Tolerant,Likeable,,,,Trustworthy,Resentful,,,Choleric,,Egoistic
100,239,1,23/06/2020 11:03,anonymous,EN,1,2,,5,,24,pilut,1,1,,,1,Tolerant,,,,Caring,Trustworthy,Resentful,Dumb,Faithless,,,,Tolerant,,,,Caring,Trustworthy,,,,Choleric,Withdrawn,Egoistic,,,,,,,,,,,,,,,,,,,,,,,,,,,,,,,,,,,,,,,,,,,,,,,,,,,,,,,,,,,,,,,,,,,,,,,,
100,199,1,23/06/2020 11:03,anonymous,EN,1,2,,5,,25,pilut,1,2,,,2,,,,,,,,,,,,,,,,,,,,,,,,,Tolerant,,Funny,Relaxed,,,,Dumb,Faithless,,Withdrawn,,,Likeable,,,Caring,Trustworthy,,Dumb,Faithless,,Withdrawn,,,,,,,,,,,,,,,,,,,,,,,,,,,,,,,,,,,,,,,,,,,,,,,,,
100,180,1,23/06/2020 11:03,anonymous,EN,1,1,,4,,18,Magnolia,0,1,,,3,,,,,,,,,,,,,,,,,,,,,,,,,,,,,,,,,,,,,,,,,,,,,,,,,,,Funny,,Caring,Trustworthy,Resentful,Dumb,,,,Egoistic,,,Funny,,Caring,Trustworthy,,,Faithless,Choleric,Withdrawn,,,,,,,,,,,,,,,,,,,,,,,,,
100,261,1,23/06/2020 11:03,anonymous,EN,1,1,,4,,34,Pilut,0,1,,,2,,,,,,,,,,,,,,,,,,,,,,,,,,Likeable,,,Caring,Trustworthy,Resentful,Dumb,Faithless,,,,Tolerant,,Funny,Relaxed,,,Resentful,Dumb,Faithless,,,,,,,,,,,,,,,,,,,,,,,,,,,,,,,,,,,,,,,,,,,,,,,,,,,
100,314,1,23/06/2020 11:03,anonymous,EN,1,1,,5,,51,pilut,0,1,,,1,,,Funny,Relaxed,,Trustworthy,Resentful,,,Choleric,,Egoistic,,,Funny,Relaxed,,Trustworthy,,Dumb,Faithless,,Withdrawn,,,,,,,,,,,,,,,,,,,,,,,,,,,,,,,,,,,,,,,,,,,,,,,,,,,,,,,,,,,,,,,,,,,,,,,,,
100,148,1,23/06/2020 11:03,anonymous,EN,1,2,,4,,20,pilut,0,1,,,1,,,Funny,Relaxed,Caring,,,Dumb,,Choleric,,Egoistic,,,Funny,Relaxed,Caring,,Resentful,,Faithless,,Withdrawn,,,,,,,,,,,,,,,,,,,,,,,,,,,,,,,,,,,,,,,,,,,,,,,,,,,,,,,,,,,,,,,,,,,,,,,,,
100,321,1,23/06/2020 11:03,anonymous,EN,1,2,,5,,41,pilut,1,2,,,3,,,,,,,,,,,,,,,,,,,,,,,,,,,,,,,,,,,,,,,,,,,,,,,,,,,Funny,Relaxed,,Trustworthy,Resentful,Dumb,,,Withdrawn,,,,Funny,Relaxed,,Trustworthy,,,Faithless,Choleric,,Egoistic,,,,,,,,,,,,,,,,,,,,,,,,
100,157,1,23/06/2020 11:03,anonymous,EN,1,1,,5,,21,pilut,0,2,,,3,,,,,,,,,,,,,,,,,,,,,,,,,,,,,,,,,,,,,,,,,,,,,,,,,,,Funny,Relaxed,,Trustworthy,Resentful,,,Choleric,Withdrawn,,,,Funny,Relaxed,,Trustworthy,,Dumb,Faithless,,,Egoistic,,,,,,,,,,,,,,,,,,,,,,,,
100,181,1,23/06/2020 11:03,anonymous,EN,1,2,,4,,28,pilut,1,1,,,4,,,,,,,,,,,,,,,,,,,,,,,,,,,,,,,,,,,,,,,,,,,,,,,,,,,,,,,,,,,,,,,,,,,,,,,,,,Likeable,Funny,,Caring,,Resentful,,Faithless,Choleric,,,Tolerant,,,Relaxed,,Trustworthy,Resentful,,Faithless,Choleric,,
100,334,1,23/06/2020 11:04,anonymous,EN,1,1,,4,,64,Pilut,0,1,,,2,,,,,,,,,,,,,,,,,,,,,,,,,Tolerant,Likeable,,,,Trustworthy,,,,Choleric,Withdrawn,Egoistic,,,Funny,Relaxed,Caring,,,,,Choleric,Withdrawn,Egoistic,,,,,,,,,,,,,,,,,,,,,,,,,,,,,,,,,,,,,,,,,,,,,,,,
100,293,1,23/06/2020 11:04,anonymous,EN,1,1,,4,,36,pilut,1,3,,,3,,,,,,,,,,,,,,,,,,,,,,,,,,,,,,,,,,,,,,,,,,,,,,,,,,Likeable,,,Caring,Trustworthy,,,Faithless,,Withdrawn,Egoistic,,Likeable,,,Caring,Trustworthy,Resentful,Dumb,,Choleric,,,,,,,,,,,,,,,,,,,,,,,,,,
100,215,1,23/06/2020 11:04,anonymous,EN,1,2,,5,,19,pilut,0,2,,,2,,,,,,,,,,,,,,,,,,,,,,,,,,,Funny,,Caring,Trustworthy,Resentful,,Faithless,,,Egoistic,Tolerant,Likeable,,Relaxed,,,Resentful,,Faithless,,,Egoistic,,,,,,,,,,,,,,,,,,,,,,,,,,,,,,,,,,,,,,,,,,,,,,,,
100,177,1,23/06/2020 11:04,anonymous,EN,1,2,,5,,36,pilut,1,4,,,1,Tolerant,,,Relaxed,Caring,,Resentful,,,Choleric,,Egoistic,Tolerant,,,Relaxed,Caring,,,Dumb,Faithless,,Withdrawn,,,,,,,,,,,,,,,,,,,,,,,,,,,,,,,,,,,,,,,,,,,,,,,,,,,,,,,,,,,,,,,,,,,,,,,,,
100,263,1,23/06/2020 11:04,anonymous,EN,1,2,,5,,24,pilut,0,1,,,1,Tolerant,,,Relaxed,Caring,,Resentful,,,Choleric,Withdrawn,,Tolerant,,,Relaxed,Caring,,,Dumb,Faithless,,,Egoistic,,,,,,,,,,,,,,,,,,,,,,,,,,,,,,,,,,,,,,,,,,,,,,,,,,,,,,,,,,,,,,,,,,,,,,,,
100,202,1,23/06/2020 11:04,anonymous,EN,1,2,,5,,25,pilut,1,2,,,3,,,,,,,,,,,,,,,,,,,,,,,,,,,,,,,,,,,,,,,,,,,,,,,,,,Likeable,,Relaxed,,Trustworthy,,Dumb,Faithless,Choleric,,,,Likeable,,Relaxed,,Trustworthy,Resentful,,,,Withdrawn,Egoistic,,,,,,,,,,,,,,,,,,,,,,,,
100,519,1,23/06/2020 11:04,anonymous,EN,1,2,,5,,22,pilut,0,1,,,1,Tolerant,Likeable,,,Caring,,Resentful,,,Choleric,Withdrawn,,Tolerant,Likeable,,,Caring,,,Dumb,Faithless,,,Egoistic,,,,,,,,,,,,,,,,,,,,,,,,,,,,,,,,,,,,,,,,,,,,,,,,,,,,,,,,,,,,,,,,,,,,,,,,
100,646,1,23/06/2020 11:04,anonymous,EN,1,1,,10,Native American,51,pilut,0,1,,,3,,,,,,,,,,,,,,,,,,,,,,,,,,,,,,,,,,,,,,,,,,,,,,,,,,,Funny,Relaxed,,Trustworthy,Resentful,Dumb,Faithless,,,,,,Funny,Relaxed,,Trustworthy,,,,Choleric,Withdrawn,Egoistic,,,,,,,,,,,,,,,,,,,,,,,,
100,328,1,23/06/2020 11:04,anonymous,EN,1,1,,5,,18,pilut,1,4,,,1,,,Funny,Relaxed,Caring,,,Dumb,Faithless,,,Egoistic,,,Funny,Relaxed,Caring,,Resentful,,,Choleric,Withdrawn,,,,,,,,,,,,,,,,,,,,,,,,,,,,,,,,,,,,,,,,,,,,,,,,,,,,,,,,,,,,,,,,,,,,,,,,,
100,391,1,23/06/2020 11:04,anonymous,EN,1,1,,7,,26,pilut,1,1,,,2,,,,,,,,,,,,,,,,,,,,,,,,,Tolerant,,Funny,,Caring,,Resentful,,,Choleric,Withdrawn,,,Likeable,,Relaxed,,Trustworthy,Resentful,,,Choleric,Withdrawn,,,,,,,,,,,,,,,,,,,,,,,,,,,,,,,,,,,,,,,,,,,,,,,,,
100,204,1,23/06/2020 11:04,anonymous,EN,1,2,,4,,50,Pilut,1,1,,,2,,,,,,,,,,,,,,,,,,,,,,,,,,,Funny,Relaxed,,Trustworthy,,Dumb,Faithless,,Withdrawn,,Tolerant,Likeable,,,Caring,,,Dumb,Faithless,,Withdrawn,,,,,,,,,,,,,,,,,,,,,,,,,,,,,,,,,,,,,,,,,,,,,,,,,
100,241,1,23/06/2020 11:04,anonymous,EN,1,1,,5,,22,Pilut,1,2,,,4,,,,,,,,,,,,,,,,,,,,,,,,,,,,,,,,,,,,,,,,,,,,,,,,,,,,,,,,,,,,,,,,,,,,,,,,,,Likeable,,Relaxed,,Trustworthy,,Dumb,Faithless,,Withdrawn,,Tolerant,,Funny,,Caring,,,Dumb,Faithless,,Withdrawn,
100,158,1,23/06/2020 11:04,anonymous,EN,1,1,,4,,21,Pilut,0,1,,,2,,,,,,,,,,,,,,,,,,,,,,,,,Tolerant,Likeable,,,Caring,,,,,Choleric,Withdrawn,Egoistic,,,Funny,Relaxed,,Trustworthy,,,,Choleric,Withdrawn,Egoistic,,,,,,,,,,,,,,,,,,,,,,,,,,,,,,,,,,,,,,,,,,,,,,,,
100,296,1,23/06/2020 11:04,anonymous,EN,1,2,,5,,23,pilut,0,1,,,4,,,,,,,,,,,,,,,,,,,,,,,,,,,,,,,,,,,,,,,,,,,,,,,,,,,,,,,,,,,,,,,,,,,,,,,,,Tolerant,,,Relaxed,Caring,,,,Faithless,Choleric,,Egoistic,,Likeable,Funny,,,Trustworthy,,,Faithless,Choleric,,Egoistic
100,196,1,23/06/2020 11:04,anonymous,EN,1,2,,4,,32,pilut,0,1,,,1,,Likeable,,Relaxed,Caring,,,,Faithless,Choleric,Withdrawn,,,Likeable,,Relaxed,Caring,,Resentful,Dumb,,,,Egoistic,,,,,,,,,,,,,,,,,,,,,,,,,,,,,,,,,,,,,,,,,,,,,,,,,,,,,,,,,,,,,,,,,,,,,,,,
100,372,1,23/06/2020 11:05,anonymous,EN,1,1,,4,,20,pilut,0,1,,,1,,Likeable,Funny,,,Trustworthy,Resentful,,,,Withdrawn,Egoistic,,Likeable,Funny,,,Trustworthy,,Dumb,Faithless,Choleric,,,,,,,,,,,,,,,,,,,,,,,,,,,,,,,,,,,,,,,,,,,,,,,,,,,,,,,,,,,,,,,,,,,,,,,,,,
100,358,1,23/06/2020 11:05,anonymous,EN,1,2,,5,,24,pilut,1,1,,,3,,,,,,,,,,,,,,,,,,,,,,,,,,,,,,,,,,,,,,,,,,,,,,,,,,Likeable,Funny,,,Trustworthy,,Dumb,Faithless,,Withdrawn,,,Likeable,Funny,,,Trustworthy,Resentful,,,Choleric,,Egoistic,,,,,,,,,,,,,,,,,,,,,,,,
100,406,1,23/06/2020 11:05,anonymous,EN,1,2,,4,,29,pilut,1,2,,,1,Tolerant,Likeable,,,,Trustworthy,,Dumb,Faithless,,Withdrawn,,Tolerant,Likeable,,,,Trustworthy,Resentful,,,Choleric,,Egoistic,,,,,,,,,,,,,,,,,,,,,,,,,,,,,,,,,,,,,,,,,,,,,,,,,,,,,,,,,,,,,,,,,,,,,,,,
100,254,1,23/06/2020 11:05,anonymous,EN,1,1,,5,,24,Pilut,0,1,,,4,,,,,,,,,,,,,,,,,,,,,,,,,,,,,,,,,,,,,,,,,,,,,,,,,,,,,,,,,,,,,,,,,,,,,,,,,Tolerant,,Funny,,,Trustworthy,Resentful,Dumb,,,,Egoistic,,Likeable,,Relaxed,Caring,,Resentful,Dumb,,,,Egoistic
100,309,1,23/06/2020 11:05,anonymous,EN,1,1,,5,,18,pilut,1,1,,,4,,,,,,,,,,,,,,,,,,,,,,,,,,,,,,,,,,,,,,,,,,,,,,,,,,,,,,,,,,,,,,,,,,,,,,,,,Tolerant,Likeable,,,,Trustworthy,,,Faithless,Choleric,Withdrawn,,,,Funny,Relaxed,Caring,,,,Faithless,Choleric,Withdrawn,
100,239,1,23/06/2020 11:05,anonymous,EN,1,1,,5,,27,pilut,0,4,,,1,Tolerant,Likeable,,,,Trustworthy,Resentful,Dumb,,Choleric,,,Tolerant,Likeable,,,,Trustworthy,,,Faithless,,Withdrawn,Egoistic,,,,,,,,,,,,,,,,,,,,,,,,,,,,,,,,,,,,,,,,,,,,,,,,,,,,,,,,,,,,,,,,,,,,,,,,
100,246,1,23/06/2020 11:05,anonymous,EN,1,2,,5,,31,pilut,0,1,,,4,,,,,,,,,,,,,,,,,,,,,,,,,,,,,,,,,,,,,,,,,,,,,,,,,,,,,,,,,,,,,,,,,,,,,,,,,,Likeable,Funny,Relaxed,,,Resentful,,,,Withdrawn,Egoistic,Tolerant,,,,Caring,Trustworthy,Resentful,,,,Withdrawn,Egoistic
100,227,1,23/06/2020 11:05,anonymous,EN,1,2,,5,,28,pilut,0,2,,,3,,,,,,,,,,,,,,,,,,,,,,,,,,,,,,,,,,,,,,,,,,,,,,,,,Tolerant,,Funny,,,Trustworthy,Resentful,,,Choleric,,Egoistic,Tolerant,,Funny,,,Trustworthy,,Dumb,Faithless,,Withdrawn,,,,,,,,,,,,,,,,,,,,,,,,,
100,190,1,23/06/2020 11:05,anonymous,EN,1,2,,5,,38,pilut,1,2,,,2,,,,,,,,,,,,,,,,,,,,,,,,,,Likeable,Funny,,Caring,,Resentful,,,,Withdrawn,Egoistic,Tolerant,,,Relaxed,,Trustworthy,Resentful,,,,Withdrawn,Egoistic,,,,,,,,,,,,,,,,,,,,,,,,,,,,,,,,,,,,,,,,,,,,,,,,
100,194,1,23/06/2020 11:05,anonymous,EN,1,2,,5,,28,pilut,1,2,,,4,,,,,,,,,,,,,,,,,,,,,,,,,,,,,,,,,,,,,,,,,,,,,,,,,,,,,,,,,,,,,,,,,,,,,,,,,Tolerant,Likeable,,,Caring,,Resentful,,,Choleric,,Egoistic,,,Funny,Relaxed,,Trustworthy,Resentful,,,Choleric,,Egoistic
100,378,1,23/06/2020 11:05,anonymous,EN,1,2,,5,,18,pilut,1,2,,,2,,,,,,,,,,,,,,,,,,,,,,,,,Tolerant,Likeable,,,Caring,,,Dumb,Faithless,,,Egoistic,,,Funny,Relaxed,,Trustworthy,,Dumb,Faithless,,,Egoistic,,,,,,,,,,,,,,,,,,,,,,,,,,,,,,,,,,,,,,,,,,,,,,,,
100,192,1,23/06/2020 11:05,anonymous,EN,1,2,,5,,41,pilut,0,1,,,3,,,,,,,,,,,,,,,,,,,,,,,,,,,,,,,,,,,,,,,,,,,,,,,,,Tolerant,,Funny,,Caring,,,,Faithless,Choleric,,Egoistic,Tolerant,,Funny,,Caring,,Resentful,Dumb,,,Withdrawn,,,,,,,,,,,,,,,,,,,,,,,,,
100,354,1,23/06/2020 11:05,anonymous,EN,1,2,,4,,21,pilut,0,2,,,1,Tolerant,Likeable,,,,Trustworthy,,Dumb,Faithless,,Withdrawn,,Tolerant,Likeable,,,,Trustworthy,Resentful,,,Choleric,,Egoistic,,,,,,,,,,,,,,,,,,,,,,,,,,,,,,,,,,,,,,,,,,,,,,,,,,,,,,,,,,,,,,,,,,,,,,,,
100,582,1,23/06/2020 11:06,anonymous,EN,1,2,,5,,19,pilut,0,1,,,2,,,,,,,,,,,,,,,,,,,,,,,,,,,,Relaxed,Caring,Trustworthy,Resentful,Dumb,Faithless,,,,Tolerant,Likeable,Funny,,,,Resentful,Dumb,Faithless,,,,,,,,,,,,,,,,,,,,,,,,,,,,,,,,,,,,,,,,,,,,,,,,,,,
100,152,1,23/06/2020 11:06,anonymous,EN,1,2,,5,,22,pilut,0,2,,,1,Tolerant,Likeable,,,,Trustworthy,Resentful,,,,Withdrawn,Egoistic,Tolerant,Likeable,,,,Trustworthy,,Dumb,Faithless,Choleric,,,,,,,,,,,,,,,,,,,,,,,,,,,,,,,,,,,,,,,,,,,,,,,,,,,,,,,,,,,,,,,,,,,,,,,,,,
100,255,1,23/06/2020 11:06,anonymous,EN,1,1,,4,,44,pilut,0,1,,,1,Tolerant,,,Relaxed,Caring,,,Dumb,,Choleric,Withdrawn,,Tolerant,,,Relaxed,Caring,,Resentful,,Faithless,,,Egoistic,,,,,,,,,,,,,,,,,,,,,,,,,,,,,,,,,,,,,,,,,,,,,,,,,,,,,,,,,,,,,,,,,,,,,,,,
100,161,1,23/06/2020 11:06,anonymous,EN,1,2,,5,,27,pilut,0,1,,,4,,,,,,,,,,,,,,,,,,,,,,,,,,,,,,,,,,,,,,,,,,,,,,,,,,,,,,,,,,,,,,,,,,,,,,,,,,Likeable,,Relaxed,,Trustworthy,Resentful,Dumb,,Choleric,,,Tolerant,,Funny,,Caring,,Resentful,Dumb,,Choleric,,
100,217,1,23/06/2020 11:06,anonymous,EN,1,2,,5,,20,pilut,0,1,,,1,,Likeable,Funny,Relaxed,,,,,Faithless,,Withdrawn,Egoistic,,Likeable,Funny,Relaxed,,,Resentful,Dumb,,Choleric,,,,,,,,,,,,,,,,,,,,,,,,,,,,,,,,,,,,,,,,,,,,,,,,,,,,,,,,,,,,,,,,,,,,,,,,,,
100,613,1,23/06/2020 11:06,anonymous,EN,1,1,,5,,20,pilut,1,1,,,3,,,,,,,,,,,,,,,,,,,,,,,,,,,,,,,,,,,,,,,,,,,,,,,,,Tolerant,,,Relaxed,,Trustworthy,Resentful,,,,Withdrawn,Egoistic,Tolerant,,,Relaxed,,Trustworthy,,Dumb,Faithless,Choleric,,,,,,,,,,,,,,,,,,,,,,,,,,
100,124,1,23/06/2020 11:06,anonymous,EN,1,2,,5,,18,pilut,0,2,,,4,,,,,,,,,,,,,,,,,,,,,,,,,,,,,,,,,,,,,,,,,,,,,,,,,,,,,,,,,,,,,,,,,,,,,,,,,,Likeable,Funny,Relaxed,,,Resentful,Dumb,,,Withdrawn,,Tolerant,,,,Caring,Trustworthy,Resentful,Dumb,,,Withdrawn,
100,484,1,23/06/2020 11:06,anonymous,EN,1,2,,5,,29,pilot,0,1,,,4,,,,,,,,,,,,,,,,,,,,,,,,,,,,,,,,,,,,,,,,,,,,,,,,,,,,,,,,,,,,,,,,,,,,,,,,,Tolerant,,,,Caring,Trustworthy,,,Faithless,Choleric,,Egoistic,,Likeable,Funny,Relaxed,,,,,Faithless,Choleric,,Egoistic
100,188,1,23/06/2020 11:06,anonymous,EN,1,2,,4,,20,tulip,1,2,,,2,,,,,,,,,,,,,,,,,,,,,,,,,Tolerant,,Funny,,,Trustworthy,Resentful,Dumb,,,Withdrawn,,,Likeable,,Relaxed,Caring,,Resentful,Dumb,,,Withdrawn,,,,,,,,,,,,,,,,,,,,,,,,,,,,,,,,,,,,,,,,,,,,,,,,,
100,227,1,23/06/2020 11:06,anonymous,EN,1,2,,5,,37,pilut,1,1,,,2,,,,,,,,,,,,,,,,,,,,,,,,,Tolerant,,,Relaxed,,Trustworthy,,,Faithless,Choleric,,Egoistic,,Likeable,Funny,,Caring,,,,Faithless,Choleric,,Egoistic,,,,,,,,,,,,,,,,,,,,,,,,,,,,,,,,,,,,,,,,,,,,,,,,
100,370,1,23/06/2020 11:06,anonymous,EN,1,2,,5,,36,pilut,0,2,,,3,,,,,,,,,,,,,,,,,,,,,,,,,,,,,,,,,,,,,,,,,,,,,,,,,Tolerant,,Funny,,Caring,,,Dumb,Faithless,,,Egoistic,Tolerant,,Funny,,Caring,,Resentful,,,Choleric,Withdrawn,,,,,,,,,,,,,,,,,,,,,,,,,
100,193,1,23/06/2020 11:06,anonymous,EN,1,1,,4,,32,Pilut,0,3,,,4,,,,,,,,,,,,,,,,,,,,,,,,,,,,,,,,,,,,,,,,,,,,,,,,,,,,,,,,,,,,,,,,,,,,,,,,,Tolerant,,,,Caring,Trustworthy,,Dumb,Faithless,,Withdrawn,,,Likeable,Funny,Relaxed,,,,Dumb,Faithless,,Withdrawn,
100,193,1,23/06/2020 11:06,anonymous,EN,1,2,,5,,27,pilut,0,2,,,3,,,,,,,,,,,,,,,,,,,,,,,,,,,,,,,,,,,,,,,,,,,,,,,,,Tolerant,Likeable,,,,Trustworthy,,,Faithless,,Withdrawn,Egoistic,Tolerant,Likeable,,,,Trustworthy,Resentful,Dumb,,Choleric,,,,,,,,,,,,,,,,,,,,,,,,,,
100,245,1,23/06/2020 11:06,anonymous,EN,1,1,,8,,37,pilut,0,1,,,4,,,,,,,,,,,,,,,,,,,,,,,,,,,,,,,,,,,,,,,,,,,,,,,,,,,,,,,,,,,,,,,,,,,,,,,,,Tolerant,,Funny,Relaxed,,,,Dumb,Faithless,,,Egoistic,,Likeable,,,Caring,Trustworthy,,Dumb,Faithless,,,Egoistic
100,491,1,23/06/2020 11:06,anonymous,EN,1,2,,4,,34,Pilut,1,1,,,2,,,,,,,,,,,,,,,,,,,,,,,,,Tolerant,Likeable,,,,Trustworthy,,,Faithless,Choleric,Withdrawn,,,,Funny,Relaxed,Caring,,,,Faithless,Choleric,Withdrawn,,,,,,,,,,,,,,,,,,,,,,,,,,,,,,,,,,,,,,,,,,,,,,,,,
100,329,1,23/06/2020 11:06,anonymous,EN,1,1,,4,,25,pilut,1,2,,,2,,,,,,,,,,,,,,,,,,,,,,,,,Tolerant,,Funny,,Caring,,Resentful,Dumb,,,Withdrawn,,,Likeable,,Relaxed,,Trustworthy,Resentful,Dumb,,,Withdrawn,,,,,,,,,,,,,,,,,,,,,,,,,,,,,,,,,,,,,,,,,,,,,,,,,
100,88,1,23/06/2020 11:06,anonymous,EN,1,2,,5,,20,Pilut,1,1,,,4,,,,,,,,,,,,,,,,,,,,,,,,,,,,,,,,,,,,,,,,,,,,,,,,,,,,,,,,,,,,,,,,,,,,,,,,,Tolerant,,Funny,,Caring,,,Dumb,,,Withdrawn,Egoistic,,Likeable,,Relaxed,,Trustworthy,,Dumb,,,Withdrawn,Egoistic
100,184,1,23/06/2020 11:07,anonymous,EN,1,2,,5,,24,pilut,1,1,,,3,,,,,,,,,,,,,,,,,,,,,,,,,,,,,,,,,,,,,,,,,,,,,,,,,Tolerant,Likeable,,,Caring,,Resentful,,Faithless,Choleric,,,Tolerant,Likeable,,,Caring,,,Dumb,,,Withdrawn,Egoistic,,,,,,,,,,,,,,,,,,,,,,,,
100,206,1,23/06/2020 11:07,anonymous,EN,1,2,,5,,22,pilut,0,2,,,1,Tolerant,,Funny,,Caring,,,Dumb,Faithless,,,Egoistic,Tolerant,,Funny,,Caring,,Resentful,,,Choleric,Withdrawn,,,,,,,,,,,,,,,,,,,,,,,,,,,,,,,,,,,,,,,,,,,,,,,,,,,,,,,,,,,,,,,,,,,,,,,,,
100,208,1,23/06/2020 11:07,anonymous,EN,1,1,,5,,30,pilut,0,1,,,1,Tolerant,,Funny,,,Trustworthy,,Dumb,Faithless,,,Egoistic,Tolerant,,Funny,,,Trustworthy,Resentful,,,Choleric,Withdrawn,,,,,,,,,,,,,,,,,,,,,,,,,,,,,,,,,,,,,,,,,,,,,,,,,,,,,,,,,,,,,,,,,,,,,,,,,
100,167,1,23/06/2020 11:07,anonymous,EN,1,2,,4,,22,pilut,0,2,,,3,,,,,,,,,,,,,,,,,,,,,,,,,,,,,,,,,,,,,,,,,,,,,,,,,Tolerant,,,Relaxed,,Trustworthy,,Dumb,,Choleric,,Egoistic,Tolerant,,,Relaxed,,Trustworthy,Resentful,,Faithless,,Withdrawn,,,,,,,,,,,,,,,,,,,,,,,,,
100,223,1,23/06/2020 11:07,anonymous,EN,1,2,,4,,39,Pilut,1,1,,,3,,,,,,,,,,,,,,,,,,,,,,,,,,,,,,,,,,,,,,,,,,,,,,,,,Tolerant,Likeable,,,Caring,,,Dumb,,Choleric,Withdrawn,,Tolerant,Likeable,,,Caring,,Resentful,,Faithless,,,Egoistic,,,,,,,,,,,,,,,,,,,,,,,,
100,246,1,23/06/2020 11:07,anonymous,EN,1,1,,4,,30,Pilut,0,2,,,4,,,,,,,,,,,,,,,,,,,,,,,,,,,,,,,,,,,,,,,,,,,,,,,,,,,,,,,,,,,,,,,,,,,,,,,,,Tolerant,,,,Caring,Trustworthy,,,Faithless,Choleric,Withdrawn,,,Likeable,Funny,Relaxed,,,,,Faithless,Choleric,Withdrawn,
100,262,1,23/06/2020 11:07,anonymous,EN,1,2,,4,,20,pilut,0,2,,,2,,,,,,,,,,,,,,,,,,,,,,,,,Tolerant,Likeable,,,Caring,,,Dumb,Faithless,,Withdrawn,,,,Funny,Relaxed,,Trustworthy,,Dumb,Faithless,,Withdrawn,,,,,,,,,,,,,,,,,,,,,,,,,,,,,,,,,,,,,,,,,,,,,,,,,
100,303,1,23/06/2020 11:07,anonymous,EN,1,2,,5,,27,pilut,1,1,,,4,,,,,,,,,,,,,,,,,,,,,,,,,,,,,,,,,,,,,,,,,,,,,,,,,,,,,,,,,,,,,,,,,,,,,,,,,,Likeable,Funny,,Caring,,,Dumb,Faithless,,Withdrawn,,Tolerant,,,Relaxed,,Trustworthy,,Dumb,Faithless,,Withdrawn,
100,147,1,23/06/2020 11:07,anonymous,EN,1,2,,5,,22,pilut,1,1,,,2,,,,,,,,,,,,,,,,,,,,,,,,,Tolerant,Likeable,,,,Trustworthy,,Dumb,Faithless,Choleric,,,,,Funny,Relaxed,Caring,,,Dumb,Faithless,Choleric,,,,,,,,,,,,,,,,,,,,,,,,,,,,,,,,,,,,,,,,,,,,,,,,,,
100,235,1,23/06/2020 11:07,anonymous,EN,1,2,,5,,27,pilut,1,1,,,3,,,,,,,,,,,,,,,,,,,,,,,,,,,,,,,,,,,,,,,,,,,,,,,,,Tolerant,Likeable,,Relaxed,,,Resentful,,,Choleric,Withdrawn,,Tolerant,Likeable,,Relaxed,,,,Dumb,Faithless,,,Egoistic,,,,,,,,,,,,,,,,,,,,,,,,
100,173,1,23/06/2020 11:07,anonymous,EN,1,1,,7,,18,Pilut,1,4,,,3,,,,,,,,,,,,,,,,,,,,,,,,,,,,,,,,,,,,,,,,,,,,,,,,,,Likeable,,Relaxed,Caring,,,Dumb,Faithless,Choleric,,,,Likeable,,Relaxed,Caring,,Resentful,,,,Withdrawn,Egoistic,,,,,,,,,,,,,,,,,,,,,,,,
100,322,1,23/06/2020 11:07,anonymous,EN,1,2,,6,,27,pilut,1,1,,,2,,,,,,,,,,,,,,,,,,,,,,,,,,,,Relaxed,Caring,Trustworthy,Resentful,Dumb,,,Withdrawn,,Tolerant,Likeable,Funny,,,,Resentful,Dumb,,,Withdrawn,,,,,,,,,,,,,,,,,,,,,,,,,,,,,,,,,,,,,,,,,,,,,,,,,
100,167,1,23/06/2020 11:07,anonymous,EN,1,1,,4,,29,pilut,0,1,,,1,,,,Relaxed,Caring,Trustworthy,Resentful,,Faithless,,Withdrawn,,,,,Relaxed,Caring,Trustworthy,,Dumb,,Choleric,,Egoistic,,,,,,,,,,,,,,,,,,,,,,,,,,,,,,,,,,,,,,,,,,,,,,,,,,,,,,,,,,,,,,,,,,,,,,,,
100,400,1,23/06/2020 11:07,anonymous,EN,1,2,,5,,19,pilut,1,2,,,2,,,,,,,,,,,,,,,,,,,,,,,,,,Likeable,Funny,Relaxed,,,Resentful,,,Choleric,,Egoistic,Tolerant,,,,Caring,Trustworthy,Resentful,,,Choleric,,Egoistic,,,,,,,,,,,,,,,,,,,,,,,,,,,,,,,,,,,,,,,,,,,,,,,,
100,171,1,23/06/2020 11:07,anonymous,EN,1,1,,5,,20,pilut,1,1,,,4,,,,,,,,,,,,,,,,,,,,,,,,,,,,,,,,,,,,,,,,,,,,,,,,,,,,,,,,,,,,,,,,,,,,,,,,,Tolerant,Likeable,,,Caring,,,Dumb,,Choleric,Withdrawn,,,,Funny,Relaxed,,Trustworthy,,Dumb,,Choleric,Withdrawn,
100,247,1,23/06/2020 11:07,anonymous,EN,1,1,,4,,73,pilut,0,1,,,2,,,,,,,,,,,,,,,,,,,,,,,,,,Likeable,Funny,,Caring,,Resentful,,Faithless,,,Egoistic,Tolerant,,,Relaxed,,Trustworthy,Resentful,,Faithless,,,Egoistic,,,,,,,,,,,,,,,,,,,,,,,,,,,,,,,,,,,,,,,,,,,,,,,,
100,243,1,23/06/2020 11:07,anonymous,EN,1,2,,5,,29,pilut,0,1,,,3,,,,,,,,,,,,,,,,,,,,,,,,,,,,,,,,,,,,,,,,,,,,,,,,,Tolerant,,Funny,,,Trustworthy,Resentful,Dumb,,,,Egoistic,Tolerant,,Funny,,,Trustworthy,,,Faithless,Choleric,Withdrawn,,,,,,,,,,,,,,,,,,,,,,,,,
100,200,1,23/06/2020 11:07,anonymous,EN,1,1,,8,,19,pilut,0,1,,,1,,,Funny,Relaxed,Caring,,,Dumb,,Choleric,,Egoistic,,,Funny,Relaxed,Caring,,Resentful,,Faithless,,Withdrawn,,,,,,,,,,,,,,,,,,,,,,,,,,,,,,,,,,,,,,,,,,,,,,,,,,,,,,,,,,,,,,,,,,,,,,,,,
100,289,1,23/06/2020 11:07,anonymous,EN,1,1,,5,,21,pilut,0,1,,,3,,,,,,,,,,,,,,,,,,,,,,,,,,,,,,,,,,,,,,,,,,,,,,,,,,Likeable,,Relaxed,,Trustworthy,Resentful,,,Choleric,,Egoistic,,Likeable,,Relaxed,,Trustworthy,,Dumb,Faithless,,Withdrawn,,,,,,,,,,,,,,,,,,,,,,,,,
100,348,1,23/06/2020 11:07,anonymous,EN,1,1,,4,,30,pilut,1,1,,,3,,,,,,,,,,,,,,,,,,,,,,,,,,,,,,,,,,,,,,,,,,,,,,,,,,,Funny,Relaxed,Caring,,,,Faithless,,Withdrawn,Egoistic,,,Funny,Relaxed,Caring,,Resentful,Dumb,,Choleric,,,,,,,,,,,,,,,,,,,,,,,,,,
100,388,1,23/06/2020 11:07,anonymous,EN,1,1,,4,,37,pilut,0,1,,,2,,,,,,,,,,,,,,,,,,,,,,,,,,,Funny,Relaxed,Caring,,Resentful,Dumb,,,Withdrawn,,Tolerant,Likeable,,,,Trustworthy,Resentful,Dumb,,,Withdrawn,,,,,,,,,,,,,,,,,,,,,,,,,,,,,,,,,,,,,,,,,,,,,,,,,
100,115,1,23/06/2020 11:07,anonymous,EN,1,1,,7,,40,pilut,1,1,,,4,,,,,,,,,,,,,,,,,,,,,,,,,,,,,,,,,,,,,,,,,,,,,,,,,,,,,,,,,,,,,,,,,,,,,,,,,,Likeable,Funny,,Caring,,Resentful,,,,Withdrawn,Egoistic,Tolerant,,,Relaxed,,Trustworthy,Resentful,,,,Withdrawn,Egoistic
100,170,1,23/06/2020 11:07,anonymous,EN,1,2,,4,,41,pilut,1,4,link: https://app.prolific.co/submissions/complete?cc=6D9E7E39,,2,,,,,,,,,,,,,,,,,,,,,,,,,Tolerant,,Funny,,Caring,,Resentful,,,,Withdrawn,Egoistic,,Likeable,,Relaxed,,Trustworthy,Resentful,,,,Withdrawn,Egoistic,,,,,,,,,,,,,,,,,,,,,,,,,,,,,,,,,,,,,,,,,,,,,,,,
100,213,1,23/06/2020 11:07,anonymous,EN,1,1,,4,,44,Pilut ,1,1,,,4,,,,,,,,,,,,,,,,,,,,,,,,,,,,,,,,,,,,,,,,,,,,,,,,,,,,,,,,,,,,,,,,,,,,,,,,,,,,Relaxed,Caring,Trustworthy,Resentful,,Faithless,Choleric,,,Tolerant,Likeable,Funny,,,,Resentful,,Faithless,Choleric,,
100,173,1,23/06/2020 11:08,anonymous,EN,1,1,,5,,32,Pilut,0,1,,,1,,Likeable,Funny,Relaxed,,,,Dumb,Faithless,,,Egoistic,,Likeable,Funny,Relaxed,,,Resentful,,,Choleric,Withdrawn,,,,,,,,,,,,,,,,,,,,,,,,,,,,,,,,,,,,,,,,,,,,,,,,,,,,,,,,,,,,,,,,,,,,,,,,,
100,537,1,23/06/2020 11:08,anonymous,EN,1,2,,4,,35,pilut,1,1,,,3,,,,,,,,,,,,,,,,,,,,,,,,,,,,,,,,,,,,,,,,,,,,,,,,,,Likeable,,Relaxed,,Trustworthy,Resentful,Dumb,Faithless,,,,,Likeable,,Relaxed,,Trustworthy,,,,Choleric,Withdrawn,Egoistic,,,,,,,,,,,,,,,,,,,,,,,,
100,134,1,23/06/2020 11:08,anonymous,EN,1,2,,5,,18,pilut,1,2,,,4,,,,,,,,,,,,,,,,,,,,,,,,,,,,,,,,,,,,,,,,,,,,,,,,,,,,,,,,,,,,,,,,,,,,,,,,,,,Funny,Relaxed,,Trustworthy,Resentful,,,Choleric,,Egoistic,Tolerant,Likeable,,,Caring,,Resentful,,,Choleric,,Egoistic
100,163,1,23/06/2020 11:08,anonymous,EN,1,1,,7,,25,Pilut,0,2,,,1,Tolerant,,Funny,Relaxed,,,Resentful,,Faithless,,Withdrawn,,Tolerant,,Funny,Relaxed,,,,Dumb,,Choleric,,Egoistic,,,,,,,,,,,,,,,,,,,,,,,,,,,,,,,,,,,,,,,,,,,,,,,,,,,,,,,,,,,,,,,,,,,,,,,,
100,134,1,23/06/2020 11:08,anonymous,EN,1,2,,4,,20,pilut,1,1,,,3,,,,,,,,,,,,,,,,,,,,,,,,,,,,,,,,,,,,,,,,,,,,,,,,,Tolerant,Likeable,,Relaxed,,,Resentful,,Faithless,,,Egoistic,Tolerant,Likeable,,Relaxed,,,,Dumb,,Choleric,Withdrawn,,,,,,,,,,,,,,,,,,,,,,,,,
100,315,1,23/06/2020 11:08,anonymous,EN,1,2,,5,,23,pilut,0,1,,,4,,,,,,,,,,,,,,,,,,,,,,,,,,,,,,,,,,,,,,,,,,,,,,,,,,,,,,,,,,,,,,,,,,,,,,,,,,Likeable,,,Caring,Trustworthy,Resentful,Dumb,Faithless,,,,Tolerant,,Funny,Relaxed,,,Resentful,Dumb,Faithless,,,
100,167,1,23/06/2020 11:08,anonymous,EN,1,1,,5,,19,pilut,0,1,,,4,,,,,,,,,,,,,,,,,,,,,,,,,,,,,,,,,,,,,,,,,,,,,,,,,,,,,,,,,,,,,,,,,,,,,,,,,Tolerant,,Funny,,,Trustworthy,Resentful,,,Choleric,,Egoistic,,Likeable,,Relaxed,Caring,,Resentful,,,Choleric,,Egoistic
100,188,1,23/06/2020 11:08,anonymous,EN,1,2,,5,,34,pilut,0,1,,,1,Tolerant,,,,Caring,Trustworthy,Resentful,,Faithless,,Withdrawn,,Tolerant,,,,Caring,Trustworthy,,Dumb,,Choleric,,Egoistic,,,,,,,,,,,,,,,,,,,,,,,,,,,,,,,,,,,,,,,,,,,,,,,,,,,,,,,,,,,,,,,,,,,,,,,,
100,198,1,23/06/2020 11:08,anonymous,EN,1,2,,5,,27,pilut,1,2,,,3,,,,,,,,,,,,,,,,,,,,,,,,,,,,,,,,,,,,,,,,,,,,,,,,,Tolerant,Likeable,Funny,,,,Resentful,,,Choleric,Withdrawn,,Tolerant,Likeable,Funny,,,,,Dumb,Faithless,,,Egoistic,,,,,,,,,,,,,,,,,,,,,,,,
100,267,1,23/06/2020 11:08,anonymous,EN,1,2,,5,,26,pilut,1,2,,,4,,,,,,,,,,,,,,,,,,,,,,,,,,,,,,,,,,,,,,,,,,,,,,,,,,,,,,,,,,,,,,,,,,,,,,,,,Tolerant,Likeable,,,,Trustworthy,,Dumb,Faithless,,Withdrawn,,,,Funny,Relaxed,Caring,,,Dumb,Faithless,,Withdrawn,
100,261,1,23/06/2020 11:08,anonymous,EN,1,2,,9,,19,pilut,0,2,,,4,,,,,,,,,,,,,,,,,,,,,,,,,,,,,,,,,,,,,,,,,,,,,,,,,,,,,,,,,,,,,,,,,,,,,,,,,,,Funny,Relaxed,Caring,,Resentful,,,Choleric,,Egoistic,Tolerant,Likeable,,,,Trustworthy,Resentful,,,Choleric,,Egoistic
100,130,1,23/06/2020 11:08,anonymous,EN,1,2,,4,,29,pilut,1,1,,,2,,,,,,,,,,,,,,,,,,,,,,,,,Tolerant,,Funny,,,Trustworthy,,Dumb,,Choleric,,Egoistic,,Likeable,,Relaxed,Caring,,,Dumb,,Choleric,,Egoistic,,,,,,,,,,,,,,,,,,,,,,,,,,,,,,,,,,,,,,,,,,,,,,,,
100,293,1,23/06/2020 11:08,anonymous,EN,1,2,,5,,32,pilut,0,1,,,1,,Likeable,,,Caring,Trustworthy,Resentful,,,Choleric,,Egoistic,,Likeable,,,Caring,Trustworthy,,Dumb,Faithless,,Withdrawn,,,,,,,,,,,,,,,,,,,,,,,,,,,,,,,,,,,,,,,,,,,,,,,,,,,,,,,,,,,,,,,,,,,,,,,,,
100,280,1,23/06/2020 11:08,anonymous,EN,1,1,,9,,20,pilut,0,2,,,1,Tolerant,Likeable,,,Caring,,,Dumb,,Choleric,Withdrawn,,Tolerant,Likeable,,,Caring,,Resentful,,Faithless,,,Egoistic,,,,,,,,,,,,,,,,,,,,,,,,,,,,,,,,,,,,,,,,,,,,,,,,,,,,,,,,,,,,,,,,,,,,,,,,
100,193,1,23/06/2020 11:08,anonymous,EN,1,2,,5,,38,pilut,1,2,,,2,,,,,,,,,,,,,,,,,,,,,,,,,Tolerant,Likeable,,Relaxed,,,,Dumb,,,Withdrawn,Egoistic,,,Funny,,Caring,Trustworthy,,Dumb,,,Withdrawn,Egoistic,,,,,,,,,,,,,,,,,,,,,,,,,,,,,,,,,,,,,,,,,,,,,,,,
100,326,1,23/06/2020 11:08,anonymous,EN,1,1,,5,,31,pilut,1,2,,,3,,,,,,,,,,,,,,,,,,,,,,,,,,,,,,,,,,,,,,,,,,,,,,,,,Tolerant,,Funny,Relaxed,,,,Dumb,,Choleric,Withdrawn,,Tolerant,,Funny,Relaxed,,,Resentful,,Faithless,,,Egoistic,,,,,,,,,,,,,,,,,,,,,,,,
100,516,1,23/06/2020 11:08,anonymous,EN,1,1,,4,,50,Pilut,0,1,,,1,,Likeable,Funny,,,Trustworthy,,Dumb,Faithless,Choleric,,,,Likeable,Funny,,,Trustworthy,Resentful,,,,Withdrawn,Egoistic,,,,,,,,,,,,,,,,,,,,,,,,,,,,,,,,,,,,,,,,,,,,,,,,,,,,,,,,,,,,,,,,,,,,,,,,
100,344,1,23/06/2020 11:08,anonymous,EN,1,1,,4,,20,pilut,0,1,,,3,,,,,,,,,,,,,,,,,,,,,,,,,,,,,,,,,,,,,,,,,,,,,,,,,Tolerant,Likeable,,Relaxed,,,Resentful,,,,Withdrawn,Egoistic,Tolerant,Likeable,,Relaxed,,,,Dumb,Faithless,Choleric,,,,,,,,,,,,,,,,,,,,,,,,,,
100,301,1,23/06/2020 11:08,anonymous,EN,1,2,,9,,41,Pilut,0,1,,,3,,,,,,,,,,,,,,,,,,,,,,,,,,,,,,,,,,,,,,,,,,,,,,,,,,,Funny,,Caring,Trustworthy,Resentful,,Faithless,Choleric,,,,,Funny,,Caring,Trustworthy,,Dumb,,,Withdrawn,Egoistic,,,,,,,,,,,,,,,,,,,,,,,,
100,359,1,23/06/2020 11:08,anonymous,EN,1,2,,5,,18,pilut,1,1,,,4,,,,,,,,,,,,,,,,,,,,,,,,,,,,,,,,,,,,,,,,,,,,,,,,,,,,,,,,,,,,,,,,,,,,,,,,,Tolerant,,,Relaxed,,Trustworthy,Resentful,,Faithless,,,Egoistic,,Likeable,Funny,,Caring,,Resentful,,Faithless,,,Egoistic
100,184,1,23/06/2020 11:09,anonymous,EN,1,2,,4,,19,pilut,1,1,,,2,,,,,,,,,,,,,,,,,,,,,,,,,Tolerant,,,Relaxed,,Trustworthy,,Dumb,Faithless,,Withdrawn,,,Likeable,Funny,,Caring,,,Dumb,Faithless,,Withdrawn,,,,,,,,,,,,,,,,,,,,,,,,,,,,,,,,,,,,,,,,,,,,,,,,,
100,351,1,23/06/2020 11:09,anonymous,EN,1,2,,9,,34,Pilut ,1,1,,,2,,,,,,,,,,,,,,,,,,,,,,,,,,Likeable,Funny,Relaxed,,,,Dumb,Faithless,Choleric,,,Tolerant,,,,Caring,Trustworthy,,Dumb,Faithless,Choleric,,,,,,,,,,,,,,,,,,,,,,,,,,,,,,,,,,,,,,,,,,,,,,,,,,
100,441,1,23/06/2020 11:09,anonymous,EN,1,2,,5,,19,pilut,0,2,,,3,,,,,,,,,,,,,,,,,,,,,,,,,,,,,,,,,,,,,,,,,,,,,,,,,,,Funny,Relaxed,Caring,,,Dumb,,,Withdrawn,Egoistic,,,Funny,Relaxed,Caring,,Resentful,,Faithless,Choleric,,,,,,,,,,,,,,,,,,,,,,,,,,
100,573,1,23/06/2020 11:09,anonymous,EN,1,1,,5,,42,pilut,0,1,,,4,,,,,,,,,,,,,,,,,,,,,,,,,,,,,,,,,,,,,,,,,,,,,,,,,,,,,,,,,,,,,,,,,,,,,,,,,Tolerant,,Funny,,,Trustworthy,,Dumb,,Choleric,Withdrawn,,,Likeable,,Relaxed,Caring,,,Dumb,,Choleric,Withdrawn,
100,247,1,23/06/2020 11:09,anonymous,EN,1,2,,10,Arabic,18,pilut,0,1,,,3,,,,,,,,,,,,,,,,,,,,,,,,,,,,,,,,,,,,,,,,,,,,,,,,,,Likeable,,,Caring,Trustworthy,Resentful,,Faithless,,Withdrawn,,,Likeable,,,Caring,Trustworthy,,Dumb,,Choleric,,Egoistic,,,,,,,,,,,,,,,,,,,,,,,,
100,292,1,23/06/2020 11:09,anonymous,EN,1,2,,4,,18,pilut,1,1,,,4,,,,,,,,,,,,,,,,,,,,,,,,,,,,,,,,,,,,,,,,,,,,,,,,,,,,,,,,,,,,,,,,,,,,,,,,,,,,Relaxed,Caring,Trustworthy,,,,Choleric,Withdrawn,Egoistic,Tolerant,Likeable,Funny,,,,,,,Choleric,Withdrawn,Egoistic
100,148,1,23/06/2020 11:09,anonymous,EN,1,2,,8,,31,pilut,0,1,,,4,,,,,,,,,,,,,,,,,,,,,,,,,,,,,,,,,,,,,,,,,,,,,,,,,,,,,,,,,,,,,,,,,,,,,,,,,,,Funny,Relaxed,Caring,,,Dumb,,Choleric,Withdrawn,,Tolerant,Likeable,,,,Trustworthy,,Dumb,,Choleric,Withdrawn,
100,132,1,23/06/2020 11:09,anonymous,EN,1,1,,5,,36,pilut,0,1,,,1,,Likeable,Funny,,,Trustworthy,Resentful,,Faithless,,,Egoistic,,Likeable,Funny,,,Trustworthy,,Dumb,,Choleric,Withdrawn,,,,,,,,,,,,,,,,,,,,,,,,,,,,,,,,,,,,,,,,,,,,,,,,,,,,,,,,,,,,,,,,,,,,,,,,,
100,198,1,23/06/2020 11:09,anonymous,EN,1,2,,4,,24,pilut,0,4,,,1,,Likeable,Funny,Relaxed,,,,Dumb,Faithless,Choleric,,,,Likeable,Funny,Relaxed,,,Resentful,,,,Withdrawn,Egoistic,,,,,,,,,,,,,,,,,,,,,,,,,,,,,,,,,,,,,,,,,,,,,,,,,,,,,,,,,,,,,,,,,,,,,,,,
100,296,1,23/06/2020 11:09,anonymous,EN,1,2,,4,,18,pilut,1,1,,,3,,,,,,,,,,,,,,,,,,,,,,,,,,,,,,,,,,,,,,,,,,,,,,,,,Tolerant,,,Relaxed,,Trustworthy,Resentful,,Faithless,Choleric,,,Tolerant,,,Relaxed,,Trustworthy,,Dumb,,,Withdrawn,Egoistic,,,,,,,,,,,,,,,,,,,,,,,,
100,179,1,23/06/2020 11:09,anonymous,EN,1,1,,5,,18,pilut,1,1,,,4,,,,,,,,,,,,,,,,,,,,,,,,,,,,,,,,,,,,,,,,,,,,,,,,,,,,,,,,,,,,,,,,,,,,,,,,,Tolerant,,,Relaxed,,Trustworthy,Resentful,Dumb,,Choleric,,,,Likeable,Funny,,Caring,,Resentful,Dumb,,Choleric,,
100,210,1,23/06/2020 11:09,anonymous,EN,1,2,,4,,26,pilut,1,1,,,3,,,,,,,,,,,,,,,,,,,,,,,,,,,,,,,,,,,,,,,,,,,,,,,,,,,Funny,Relaxed,Caring,,,,Faithless,Choleric,,Egoistic,,,Funny,Relaxed,Caring,,Resentful,Dumb,,,Withdrawn,,,,,,,,,,,,,,,,,,,,,,,,,
100,396,1,23/06/2020 11:09,anonymous,EN,1,1,,6,,40,pilut,0,1,https://app.prolific.co/submissions/complete?cc=6D9E7E39,,1,,,Funny,Relaxed,,Trustworthy,Resentful,,Faithless,Choleric,,,,,Funny,Relaxed,,Trustworthy,,Dumb,,,Withdrawn,Egoistic,,,,,,,,,,,,,,,,,,,,,,,,,,,,,,,,,,,,,,,,,,,,,,,,,,,,,,,,,,,,,,,,,,,,,,,,
100,479,1,23/06/2020 11:09,anonymous,EN,1,1,,9,,51,Pilut,0,1,,,4,,,,,,,,,,,,,,,,,,,,,,,,,,,,,,,,,,,,,,,,,,,,,,,,,,,,,,,,,,,,,,,,,,,,,,,,,,,Funny,Relaxed,Caring,,,Dumb,,Choleric,Withdrawn,,Tolerant,Likeable,,,,Trustworthy,,Dumb,,Choleric,Withdrawn,
100,78,1,23/06/2020 11:09,anonymous,EN,1,1,,5,,23,Pilut,0,2,,,4,,,,,,,,,,,,,,,,,,,,,,,,,,,,,,,,,,,,,,,,,,,,,,,,,,,,,,,,,,,,,,,,,,,,,,,,,,Likeable,Funny,Relaxed,,,,,,Choleric,Withdrawn,Egoistic,Tolerant,,,,Caring,Trustworthy,,,,Choleric,Withdrawn,Egoistic
100,363,1,23/06/2020 11:09,anonymous,EN,1,1,,7,,39,pilut,0,1,,,1,,Likeable,,Relaxed,Caring,,Resentful,,,,Withdrawn,Egoistic,,Likeable,,Relaxed,Caring,,,Dumb,Faithless,Choleric,,,,,,,,,,,,,,,,,,,,,,,,,,,,,,,,,,,,,,,,,,,,,,,,,,,,,,,,,,,,,,,,,,,,,,,,,,
100,310,1,23/06/2020 11:09,anonymous,EN,1,2,,7,,28,pilut,0,1,,,1,,,Funny,,Caring,Trustworthy,Resentful,Dumb,,,Withdrawn,,,,Funny,,Caring,Trustworthy,,,Faithless,Choleric,,Egoistic,,,,,,,,,,,,,,,,,,,,,,,,,,,,,,,,,,,,,,,,,,,,,,,,,,,,,,,,,,,,,,,,,,,,,,,,
100,268,1,23/06/2020 11:09,anonymous,EN,1,1,,5,,36,Pilut ,1,1,,,4,,,,,,,,,,,,,,,,,,,,,,,,,,,,,,,,,,,,,,,,,,,,,,,,,,,,,,,,,,,,,,,,,,,,,,,,,,Likeable,,Relaxed,Caring,,Resentful,,,Choleric,,Egoistic,Tolerant,,Funny,,,Trustworthy,Resentful,,,Choleric,,Egoistic
100,295,1,23/06/2020 11:09,anonymous,EN,1,2,,5,,20,pilut,1,1,yes,,3,,,,,,,,,,,,,,,,,,,,,,,,,,,,,,,,,,,,,,,,,,,,,,,,,,Likeable,,Relaxed,Caring,,,Dumb,Faithless,,Withdrawn,,,Likeable,,Relaxed,Caring,,Resentful,,,Choleric,,Egoistic,,,,,,,,,,,,,,,,,,,,,,,,
100,243,1,23/06/2020 11:09,anonymous,EN,1,1,,5,,50,pilut,0,1,,,4,,,,,,,,,,,,,,,,,,,,,,,,,,,,,,,,,,,,,,,,,,,,,,,,,,,,,,,,,,,,,,,,,,,,,,,,,,,Funny,Relaxed,,Trustworthy,,,Faithless,Choleric,Withdrawn,,Tolerant,Likeable,,,Caring,,,,Faithless,Choleric,Withdrawn,
100,155,1,23/06/2020 11:09,anonymous,EN,1,2,,5,,18,pilut,1,1,,,3,,,,,,,,,,,,,,,,,,,,,,,,,,,,,,,,,,,,,,,,,,,,,,,,,,,Funny,,Caring,Trustworthy,Resentful,,Faithless,Choleric,,,,,Funny,,Caring,Trustworthy,,Dumb,,,Withdrawn,Egoistic,,,,,,,,,,,,,,,,,,,,,,,,
100,316,1,23/06/2020 11:09,anonymous,EN,1,2,,5,,21,pilut,0,1,,,2,,,,,,,,,,,,,,,,,,,,,,,,,,,Funny,,Caring,Trustworthy,,Dumb,,Choleric,Withdrawn,,Tolerant,Likeable,,Relaxed,,,,Dumb,,Choleric,Withdrawn,,,,,,,,,,,,,,,,,,,,,,,,,,,,,,,,,,,,,,,,,,,,,,,,,
100,146,1,23/06/2020 11:09,anonymous,EN,1,1,,5,,23,pilut,0,2,,,1,,,Funny,Relaxed,,Trustworthy,,,Faithless,Choleric,Withdrawn,,,,Funny,Relaxed,,Trustworthy,Resentful,Dumb,,,,Egoistic,,,,,,,,,,,,,,,,,,,,,,,,,,,,,,,,,,,,,,,,,,,,,,,,,,,,,,,,,,,,,,,,,,,,,,,,
100,439,1,23/06/2020 11:09,anonymous,EN,1,1,,8,,28,pilut,1,1,,,3,,,,,,,,,,,,,,,,,,,,,,,,,,,,,,,,,,,,,,,,,,,,,,,,,,Likeable,Funny,,,Trustworthy,,,,Choleric,Withdrawn,Egoistic,,Likeable,Funny,,,Trustworthy,Resentful,Dumb,Faithless,,,,,,,,,,,,,,,,,,,,,,,,,,,
100,324,1,23/06/2020 11:09,anonymous,EN,1,2,,4,,42,pilut,0,1,,,4,,,,,,,,,,,,,,,,,,,,,,,,,,,,,,,,,,,,,,,,,,,,,,,,,,,,,,,,,,,,,,,,,,,,,,,,,Tolerant,Likeable,,,,Trustworthy,Resentful,Dumb,Faithless,,,,,,Funny,Relaxed,Caring,,Resentful,Dumb,Faithless,,,
100,434,1,23/06/2020 11:09,anonymous,EN,1,2,,6,,31,pilut,0,1,,,2,,,,,,,,,,,,,,,,,,,,,,,,,,Likeable,Funny,,Caring,,,,Faithless,Choleric,,Egoistic,Tolerant,,,Relaxed,,Trustworthy,,,Faithless,Choleric,,Egoistic,,,,,,,,,,,,,,,,,,,,,,,,,,,,,,,,,,,,,,,,,,,,,,,,
100,183,1,23/06/2020 11:09,anonymous,EN,1,2,,4,,20,pilut,0,4,https://app.prolific.co/submissions/complete?cc=6D9E7E39,,3,,,,,,,,,,,,,,,,,,,,,,,,,,,,,,,,,,,,,,,,,,,,,,,,,Tolerant,,Funny,,,Trustworthy,Resentful,Dumb,,,,Egoistic,Tolerant,,Funny,,,Trustworthy,,,Faithless,Choleric,Withdrawn,,,,,,,,,,,,,,,,,,,,,,,,,
100,187,1,23/06/2020 11:09,anonymous,EN,1,2,,4,,30,pilut,1,1,,,3,,,,,,,,,,,,,,,,,,,,,,,,,,,,,,,,,,,,,,,,,,,,,,,,,Tolerant,,,,Caring,Trustworthy,,Dumb,,,Withdrawn,Egoistic,Tolerant,,,,Caring,Trustworthy,Resentful,,Faithless,Choleric,,,,,,,,,,,,,,,,,,,,,,,,,,
100,597,1,23/06/2020 11:09,anonymous,EN,1,1,,5,,29,pilut,0,1,,,1,,,Funny,Relaxed,,Trustworthy,Resentful,,,Choleric,,Egoistic,,,Funny,Relaxed,,Trustworthy,,Dumb,Faithless,,Withdrawn,,,,,,,,,,,,,,,,,,,,,,,,,,,,,,,,,,,,,,,,,,,,,,,,,,,,,,,,,,,,,,,,,,,,,,,,,
100,158,1,23/06/2020 11:09,anonymous,EN,1,2,,4,,22,pilut,1,1,,,4,,,,,,,,,,,,,,,,,,,,,,,,,,,,,,,,,,,,,,,,,,,,,,,,,,,,,,,,,,,,,,,,,,,,,,,,,,Likeable,,Relaxed,,Trustworthy,Resentful,Dumb,Faithless,,,,Tolerant,,Funny,,Caring,,Resentful,Dumb,Faithless,,,
100,297,1,23/06/2020 11:10,anonymous,EN,1,2,,10,Ashkenazi Jewish,24,pilut,1,1,,,3,,,,,,,,,,,,,,,,,,,,,,,,,,,,,,,,,,,,,,,,,,,,,,,,,,Likeable,,,Caring,Trustworthy,,Dumb,,,Withdrawn,Egoistic,,Likeable,,,Caring,Trustworthy,Resentful,,Faithless,Choleric,,,,,,,,,,,,,,,,,,,,,,,,,,
100,159,1,23/06/2020 11:10,anonymous,EN,1,2,,5,,29,pilut,1,3,,,3,,,,,,,,,,,,,,,,,,,,,,,,,,,,,,,,,,,,,,,,,,,,,,,,,,,Funny,Relaxed,Caring,,Resentful,,,Choleric,Withdrawn,,,,Funny,Relaxed,Caring,,,Dumb,Faithless,,,Egoistic,,,,,,,,,,,,,,,,,,,,,,,,
100,428,1,23/06/2020 11:10,anonymous,EN,1,2,,5,,46,pilut,1,2,,,2,,,,,,,,,,,,,,,,,,,,,,,,,Tolerant,,Funny,Relaxed,,,,,,Choleric,Withdrawn,Egoistic,,Likeable,,,Caring,Trustworthy,,,,Choleric,Withdrawn,Egoistic,,,,,,,,,,,,,,,,,,,,,,,,,,,,,,,,,,,,,,,,,,,,,,,,
100,477,1,23/06/2020 11:10,anonymous,EN,1,1,,5,,28,pilut,1,1,,,3,,,,,,,,,,,,,,,,,,,,,,,,,,,,,,,,,,,,,,,,,,,,,,,,,,Likeable,Funny,,Caring,,Resentful,Dumb,Faithless,,,,,Likeable,Funny,,Caring,,,,,Choleric,Withdrawn,Egoistic,,,,,,,,,,,,,,,,,,,,,,,,
100,182,1,23/06/2020 11:10,anonymous,EN,1,2,,5,,22,pilut,1,1,,,3,,,,,,,,,,,,,,,,,,,,,,,,,,,,,,,,,,,,,,,,,,,,,,,,,,Likeable,Funny,,,Trustworthy,,Dumb,Faithless,,,Egoistic,,Likeable,Funny,,,Trustworthy,Resentful,,,Choleric,Withdrawn,,,,,,,,,,,,,,,,,,,,,,,,,
100,331,1,23/06/2020 11:10,anonymous,EN,1,2,,10,Latino,33,pilut,0,1,,,2,,,,,,,,,,,,,,,,,,,,,,,,,,Likeable,,Relaxed,,Trustworthy,Resentful,Dumb,,,Withdrawn,,Tolerant,,Funny,,Caring,,Resentful,Dumb,,,Withdrawn,,,,,,,,,,,,,,,,,,,,,,,,,,,,,,,,,,,,,,,,,,,,,,,,,
100,175,1,23/06/2020 11:10,anonymous,EN,1,1,,4,,26,pilut,0,2,,,1,,Likeable,,Relaxed,,Trustworthy,Resentful,,Faithless,,Withdrawn,,,Likeable,,Relaxed,,Trustworthy,,Dumb,,Choleric,,Egoistic,,,,,,,,,,,,,,,,,,,,,,,,,,,,,,,,,,,,,,,,,,,,,,,,,,,,,,,,,,,,,,,,,,,,,,,,
100,222,1,23/06/2020 11:10,anonymous,EN,1,2,,5,,38,pilut,1,1,,,3,,,,,,,,,,,,,,,,,,,,,,,,,,,,,,,,,,,,,,,,,,,,,,,,,Tolerant,Likeable,,Relaxed,,,,,,Choleric,Withdrawn,Egoistic,Tolerant,Likeable,,Relaxed,,,Resentful,Dumb,Faithless,,,,,,,,,,,,,,,,,,,,,,,,,,,
100,274,1,23/06/2020 11:10,anonymous,EN,1,1,,5,,19,pilut,1,2,,,3,,,,,,,,,,,,,,,,,,,,,,,,,,,,,,,,,,,,,,,,,,,,,,,,,,Likeable,,Relaxed,Caring,,Resentful,Dumb,,Choleric,,,,Likeable,,Relaxed,Caring,,,,Faithless,,Withdrawn,Egoistic,,,,,,,,,,,,,,,,,,,,,,,,
100,178,1,23/06/2020 11:10,anonymous,EN,1,2,,5,,30,pilut,0,1,,,1,Tolerant,,,Relaxed,,Trustworthy,Resentful,Dumb,,,Withdrawn,,Tolerant,,,Relaxed,,Trustworthy,,,Faithless,Choleric,,Egoistic,,,,,,,,,,,,,,,,,,,,,,,,,,,,,,,,,,,,,,,,,,,,,,,,,,,,,,,,,,,,,,,,,,,,,,,,
100,437,1,23/06/2020 11:10,anonymous,EN,1,2,,5,,30,pilut,1,1,,,1,Tolerant,Likeable,,Relaxed,,,Resentful,,Faithless,,,Egoistic,Tolerant,Likeable,,Relaxed,,,,Dumb,,Choleric,Withdrawn,,,,,,,,,,,,,,,,,,,,,,,,,,,,,,,,,,,,,,,,,,,,,,,,,,,,,,,,,,,,,,,,,,,,,,,,,
100,230,1,23/06/2020 11:10,anonymous,EN,1,2,,5,,18,pilut,0,1,,,4,,,,,,,,,,,,,,,,,,,,,,,,,,,,,,,,,,,,,,,,,,,,,,,,,,,,,,,,,,,,,,,,,,,,,,,,,,Likeable,,,Caring,Trustworthy,,Dumb,Faithless,,,Egoistic,Tolerant,,Funny,Relaxed,,,,Dumb,Faithless,,,Egoistic
100,326,1,23/06/2020 11:10,anonymous,EN,1,2,,4,,23,pilut,0,1,,,2,,,,,,,,,,,,,,,,,,,,,,,,,,Likeable,,,Caring,Trustworthy,,,Faithless,Choleric,,Egoistic,Tolerant,,Funny,Relaxed,,,,,Faithless,Choleric,,Egoistic,,,,,,,,,,,,,,,,,,,,,,,,,,,,,,,,,,,,,,,,,,,,,,,,
100,535,1,23/06/2020 11:10,anonymous,EN,1,2,,4,,26,Pilut,1,2,,,2,,,,,,,,,,,,,,,,,,,,,,,,,Tolerant,,Funny,,,Trustworthy,,Dumb,Faithless,Choleric,,,,Likeable,,Relaxed,Caring,,,Dumb,Faithless,Choleric,,,,,,,,,,,,,,,,,,,,,,,,,,,,,,,,,,,,,,,,,,,,,,,,,,
100,759,1,23/06/2020 11:10,anonymous,EN,1,2,,5,,18,"""pilut""",1,1,,,4,,,,,,,,,,,,,,,,,,,,,,,,,,,,,,,,,,,,,,,,,,,,,,,,,,,,,,,,,,,,,,,,,,,,,,,,,Tolerant,Likeable,,Relaxed,,,,Dumb,Faithless,,,Egoistic,,,Funny,,Caring,Trustworthy,,Dumb,Faithless,,,Egoistic
100,260,1,23/06/2020 11:10,anonymous,EN,1,2,,5,,20,pilut,1,1,,,1,Tolerant,,Funny,,Caring,,,Dumb,,Choleric,,Egoistic,Tolerant,,Funny,,Caring,,Resentful,,Faithless,,Withdrawn,,,,,,,,,,,,,,,,,,,,,,,,,,,,,,,,,,,,,,,,,,,,,,,,,,,,,,,,,,,,,,,,,,,,,,,,,
100,231,1,23/06/2020 11:10,anonymous,EN,1,1,,4,,28,pilut,1,1,,,2,,,,,,,,,,,,,,,,,,,,,,,,,,,Funny,Relaxed,Caring,,,Dumb,Faithless,,Withdrawn,,Tolerant,Likeable,,,,Trustworthy,,Dumb,Faithless,,Withdrawn,,,,,,,,,,,,,,,,,,,,,,,,,,,,,,,,,,,,,,,,,,,,,,,,,
100,464,1,23/06/2020 11:10,anonymous,EN,1,1,,5,,27,Pilut,1,1,,,3,,,,,,,,,,,,,,,,,,,,,,,,,,,,,,,,,,,,,,,,,,,,,,,,,Tolerant,,Funny,,Caring,,,Dumb,Faithless,,Withdrawn,,Tolerant,,Funny,,Caring,,Resentful,,,Choleric,,Egoistic,,,,,,,,,,,,,,,,,,,,,,,,
100,176,1,23/06/2020 11:10,anonymous,EN,1,1,,8,,30,Pilut ,0,1,,,1,,Likeable,Funny,,Caring,,,,Faithless,Choleric,,Egoistic,,Likeable,Funny,,Caring,,Resentful,Dumb,,,Withdrawn,,,,,,,,,,,,,,,,,,,,,,,,,,,,,,,,,,,,,,,,,,,,,,,,,,,,,,,,,,,,,,,,,,,,,,,,,
100,320,1,23/06/2020 11:10,anonymous,EN,1,1,,6,,20,pilut,1,1,,,1,Tolerant,,,Relaxed,Caring,,,Dumb,,Choleric,,Egoistic,Tolerant,,,Relaxed,Caring,,Resentful,,Faithless,,Withdrawn,,,,,,,,,,,,,,,,,,,,,,,,,,,,,,,,,,,,,,,,,,,,,,,,,,,,,,,,,,,,,,,,,,,,,,,,,
100,158,1,23/06/2020 11:10,anonymous,EN,1,2,,5,,20,pilut,0,2,,,4,,,,,,,,,,,,,,,,,,,,,,,,,,,,,,,,,,,,,,,,,,,,,,,,,,,,,,,,,,,,,,,,,,,,,,,,,Tolerant,Likeable,,,,Trustworthy,Resentful,Dumb,Faithless,,,,,,Funny,Relaxed,Caring,,Resentful,Dumb,Faithless,,,
100,288,1,23/06/2020 11:10,anonymous,EN,1,1,,4,,32,Pilut Tulip,0,1,,,2,,,,,,,,,,,,,,,,,,,,,,,,,,Likeable,Funny,,Caring,,Resentful,,Faithless,Choleric,,,Tolerant,,,Relaxed,,Trustworthy,Resentful,,Faithless,Choleric,,,,,,,,,,,,,,,,,,,,,,,,,,,,,,,,,,,,,,,,,,,,,,,,,,
100,241,1,23/06/2020 11:10,anonymous,EN,1,1,,5,,22,pilut,1,1,,,2,,,,,,,,,,,,,,,,,,,,,,,,,Tolerant,Likeable,,Relaxed,,,Resentful,Dumb,,Choleric,,,,,Funny,,Caring,Trustworthy,Resentful,Dumb,,Choleric,,,,,,,,,,,,,,,,,,,,,,,,,,,,,,,,,,,,,,,,,,,,,,,,,,
100,257,1,23/06/2020 11:10,anonymous,EN,1,2,,4,,20,pilut,1,1,,,1,Tolerant,Likeable,,,Caring,,,,,Choleric,Withdrawn,Egoistic,Tolerant,Likeable,,,Caring,,Resentful,Dumb,Faithless,,,,,,,,,,,,,,,,,,,,,,,,,,,,,,,,,,,,,,,,,,,,,,,,,,,,,,,,,,,,,,,,,,,,,,,,,,,
100,211,1,23/06/2020 11:10,anonymous,EN,1,2,,5,,39,pilut,1,1,,,3,,,,,,,,,,,,,,,,,,,,,,,,,,,,,,,,,,,,,,,,,,,,,,,,,Tolerant,,Funny,,Caring,,,Dumb,,Choleric,Withdrawn,,Tolerant,,Funny,,Caring,,Resentful,,Faithless,,,Egoistic,,,,,,,,,,,,,,,,,,,,,,,,
100,250,1,23/06/2020 11:10,anonymous,EN,1,2,,4,,18,pilut,0,1,,,2,,,,,,,,,,,,,,,,,,,,,,,,,,,Funny,Relaxed,,Trustworthy,Resentful,,,Choleric,,Egoistic,Tolerant,Likeable,,,Caring,,Resentful,,,Choleric,,Egoistic,,,,,,,,,,,,,,,,,,,,,,,,,,,,,,,,,,,,,,,,,,,,,,,,
100,343,1,23/06/2020 11:10,anonymous,EN,1,2,,5,,28,pilut,0,1,,,4,,,,,,,,,,,,,,,,,,,,,,,,,,,,,,,,,,,,,,,,,,,,,,,,,,,,,,,,,,,,,,,,,,,,,,,,,Tolerant,Likeable,Funny,,,,,Dumb,,Choleric,Withdrawn,,,,,Relaxed,Caring,Trustworthy,,Dumb,,Choleric,Withdrawn,
100,420,1,23/06/2020 11:10,anonymous,EN,1,2,,5,,26,pilut,0,1,,,4,,,,,,,,,,,,,,,,,,,,,,,,,,,,,,,,,,,,,,,,,,,,,,,,,,,,,,,,,,,,,,,,,,,,,,,,,Tolerant,,Funny,,Caring,,Resentful,,Faithless,,Withdrawn,,,Likeable,,Relaxed,,Trustworthy,Resentful,,Faithless,,Withdrawn,
100,209,1,23/06/2020 11:10,anonymous,EN,1,1,,5,,31,pilut,0,1,,,2,,,,,,,,,,,,,,,,,,,,,,,,,,,,Relaxed,Caring,Trustworthy,Resentful,,Faithless,,Withdrawn,,Tolerant,Likeable,Funny,,,,Resentful,,Faithless,,Withdrawn,,,,,,,,,,,,,,,,,,,,,,,,,,,,,,,,,,,,,,,,,,,,,,,,,
100,268,1,23/06/2020 11:10,anonymous,EN,1,2,,5,,23,pilut,1,2,,,3,,,,,,,,,,,,,,,,,,,,,,,,,,,,,,,,,,,,,,,,,,,,,,,,,,,Funny,Relaxed,Caring,,Resentful,,,Choleric,Withdrawn,,,,Funny,Relaxed,Caring,,,Dumb,Faithless,,,Egoistic,,,,,,,,,,,,,,,,,,,,,,,,
100,132,1,23/06/2020 11:10,anonymous,EN,1,2,,4,,21,Pilut ,1,1,,,3,,,,,,,,,,,,,,,,,,,,,,,,,,,,,,,,,,,,,,,,,,,,,,,,,Tolerant,Likeable,,,,Trustworthy,,Dumb,Faithless,,Withdrawn,,Tolerant,Likeable,,,,Trustworthy,Resentful,,,Choleric,,Egoistic,,,,,,,,,,,,,,,,,,,,,,,,
100,125,1,23/06/2020 11:10,anonymous,EN,1,2,,4,,29,pilut,0,1,,,1,,Likeable,,Relaxed,Caring,,,Dumb,,Choleric,Withdrawn,,,Likeable,,Relaxed,Caring,,Resentful,,Faithless,,,Egoistic,,,,,,,,,,,,,,,,,,,,,,,,,,,,,,,,,,,,,,,,,,,,,,,,,,,,,,,,,,,,,,,,,,,,,,,,
100,196,1,23/06/2020 11:10,anonymous,EN,1,2,,5,,28,pilut,1,2,,,2,,,,,,,,,,,,,,,,,,,,,,,,,Tolerant,,Funny,Relaxed,,,Resentful,,,Choleric,,Egoistic,,Likeable,,,Caring,Trustworthy,Resentful,,,Choleric,,Egoistic,,,,,,,,,,,,,,,,,,,,,,,,,,,,,,,,,,,,,,,,,,,,,,,,
100,261,1,23/06/2020 11:10,anonymous,EN,1,1,,4,,31,pilut,0,1,,,4,,,,,,,,,,,,,,,,,,,,,,,,,,,,,,,,,,,,,,,,,,,,,,,,,,,,,,,,,,,,,,,,,,,,,,,,,Tolerant,,Funny,,,Trustworthy,,,,Choleric,Withdrawn,Egoistic,,Likeable,,Relaxed,Caring,,,,,Choleric,Withdrawn,Egoistic
100,252,1,23/06/2020 11:10,anonymous,EN,1,2,,4,,20,pilut,0,1,,,3,,,,,,,,,,,,,,,,,,,,,,,,,,,,,,,,,,,,,,,,,,,,,,,,,Tolerant,,Funny,Relaxed,,,Resentful,,,,Withdrawn,Egoistic,Tolerant,,Funny,Relaxed,,,,Dumb,Faithless,Choleric,,,,,,,,,,,,,,,,,,,,,,,,,,
100,246,1,23/06/2020 11:10,anonymous,EN,1,1,,5,,20,Pilut,0,1,,,1,,Likeable,,Relaxed,Caring,,Resentful,,,Choleric,Withdrawn,,,Likeable,,Relaxed,Caring,,,Dumb,Faithless,,,Egoistic,,,,,,,,,,,,,,,,,,,,,,,,,,,,,,,,,,,,,,,,,,,,,,,,,,,,,,,,,,,,,,,,,,,,,,,,
100,161,1,23/06/2020 11:10,anonymous,EN,1,1,,4,,41,dump,0,2,https://app.prolific.co/submissions/complete?cc=6D9E7E39,,1,,Likeable,Funny,,,Trustworthy,,Dumb,Faithless,,,Egoistic,,Likeable,Funny,,,Trustworthy,Resentful,,,Choleric,Withdrawn,,,,,,,,,,,,,,,,,,,,,,,,,,,,,,,,,,,,,,,,,,,,,,,,,,,,,,,,,,,,,,,,,,,,,,,,,
100,213,1,23/06/2020 11:11,anonymous,EN,1,1,,9,,21,pilut,1,1,,,4,,,,,,,,,,,,,,,,,,,,,,,,,,,,,,,,,,,,,,,,,,,,,,,,,,,,,,,,,,,,,,,,,,,,,,,,,,Likeable,Funny,,,Trustworthy,Resentful,,,Choleric,,Egoistic,Tolerant,,,Relaxed,Caring,,Resentful,,,Choleric,,Egoistic
100,282,1,23/06/2020 11:11,anonymous,EN,1,1,,4,,35,pilut,0,1,,,4,,,,,,,,,,,,,,,,,,,,,,,,,,,,,,,,,,,,,,,,,,,,,,,,,,,,,,,,,,,,,,,,,,,,,,,,,Tolerant,Likeable,,Relaxed,,,Resentful,,Faithless,,,Egoistic,,,Funny,,Caring,Trustworthy,Resentful,,Faithless,,,Egoistic
100,230,1,23/06/2020 11:11,anonymous,EN,1,1,,5,,26,pilut,0,2,,,4,,,,,,,,,,,,,,,,,,,,,,,,,,,,,,,,,,,,,,,,,,,,,,,,,,,,,,,,,,,,,,,,,,,,,,,,,Tolerant,,,Relaxed,Caring,,Resentful,,,Choleric,,Egoistic,,Likeable,Funny,,,Trustworthy,Resentful,,,Choleric,,Egoistic
100,252,1,23/06/2020 11:11,anonymous,EN,1,1,,4,,40,Pilut,1,1,,,2,,,,,,,,,,,,,,,,,,,,,,,,,Tolerant,,,Relaxed,,Trustworthy,Resentful,,,,Withdrawn,Egoistic,,Likeable,Funny,,Caring,,Resentful,,,,Withdrawn,Egoistic,,,,,,,,,,,,,,,,,,,,,,,,,,,,,,,,,,,,,,,,,,,,,,,,
100,409,1,23/06/2020 11:11,anonymous,EN,1,2,,8,,31,pilut,1,1,,,1,Tolerant,,Funny,,,Trustworthy,Resentful,,,,Withdrawn,Egoistic,Tolerant,,Funny,,,Trustworthy,,Dumb,Faithless,Choleric,,,,,,,,,,,,,,,,,,,,,,,,,,,,,,,,,,,,,,,,,,,,,,,,,,,,,,,,,,,,,,,,,,,,,,,,,,
100,326,1,23/06/2020 11:11,anonymous,EN,1,1,,5,,24,pilut,0,2,,,2,,,,,,,,,,,,,,,,,,,,,,,,,,Likeable,Funny,Relaxed,,,,Dumb,Faithless,,,Egoistic,Tolerant,,,,Caring,Trustworthy,,Dumb,Faithless,,,Egoistic,,,,,,,,,,,,,,,,,,,,,,,,,,,,,,,,,,,,,,,,,,,,,,,,
100,179,1,23/06/2020 11:11,anonymous,EN,1,2,,5,,20,pilut,1,1,,,4,,,,,,,,,,,,,,,,,,,,,,,,,,,,,,,,,,,,,,,,,,,,,,,,,,,,,,,,,,,,,,,,,,,,,,,,,,,Funny,Relaxed,Caring,,Resentful,Dumb,,Choleric,,,Tolerant,Likeable,,,,Trustworthy,Resentful,Dumb,,Choleric,,
100,247,1,23/06/2020 11:11,anonymous,EN,1,1,,5,,20,Pilut,1,2,,,2,,,,,,,,,,,,,,,,,,,,,,,,,Tolerant,,Funny,,Caring,,,,,Choleric,Withdrawn,Egoistic,,Likeable,,Relaxed,,Trustworthy,,,,Choleric,Withdrawn,Egoistic,,,,,,,,,,,,,,,,,,,,,,,,,,,,,,,,,,,,,,,,,,,,,,,,
100,196,1,23/06/2020 11:11,anonymous,EN,1,1,,5,,23,pilut,1,2,,,3,,,,,,,,,,,,,,,,,,,,,,,,,,,,,,,,,,,,,,,,,,,,,,,,,Tolerant,Likeable,,,Caring,,,Dumb,Faithless,,Withdrawn,,Tolerant,Likeable,,,Caring,,Resentful,,,Choleric,,Egoistic,,,,,,,,,,,,,,,,,,,,,,,,
100,295,1,23/06/2020 11:11,anonymous,EN,1,2,,5,,34,pilut,1,2,,,4,,,,,,,,,,,,,,,,,,,,,,,,,,,,,,,,,,,,,,,,,,,,,,,,,,,,,,,,,,,,,,,,,,,,,,,,,,,,Relaxed,Caring,Trustworthy,,,Faithless,Choleric,Withdrawn,,Tolerant,Likeable,Funny,,,,,,Faithless,Choleric,Withdrawn,
100,316,1,23/06/2020 11:11,anonymous,EN,1,1,,4,,19,Pilut,0,1,,,4,,,,,,,,,,,,,,,,,,,,,,,,,,,,,,,,,,,,,,,,,,,,,,,,,,,,,,,,,,,,,,,,,,,,,,,,,,,,Relaxed,Caring,Trustworthy,,Dumb,Faithless,,Withdrawn,,Tolerant,Likeable,Funny,,,,,Dumb,Faithless,,Withdrawn,
100,324,1,23/06/2020 11:11,anonymous,EN,1,2,,5,,34,pilut,0,1,,,2,,,,,,,,,,,,,,,,,,,,,,,,,Tolerant,Likeable,,,Caring,,Resentful,Dumb,,Choleric,,,,,Funny,Relaxed,,Trustworthy,Resentful,Dumb,,Choleric,,,,,,,,,,,,,,,,,,,,,,,,,,,,,,,,,,,,,,,,,,,,,,,,,,
100,180,1,23/06/2020 11:11,anonymous,EN,1,2,,4,,19,pilut,1,1,,,1,,,Funny,Relaxed,Caring,,Resentful,Dumb,,,,Egoistic,,,Funny,Relaxed,Caring,,,,Faithless,Choleric,Withdrawn,,,,,,,,,,,,,,,,,,,,,,,,,,,,,,,,,,,,,,,,,,,,,,,,,,,,,,,,,,,,,,,,,,,,,,,,,
100,220,1,23/06/2020 11:11,anonymous,EN,1,1,,4,,66,Pilut,0,1,,,1,,Likeable,,,Caring,Trustworthy,Resentful,,Faithless,Choleric,,,,Likeable,,,Caring,Trustworthy,,Dumb,,,Withdrawn,Egoistic,,,,,,,,,,,,,,,,,,,,,,,,,,,,,,,,,,,,,,,,,,,,,,,,,,,,,,,,,,,,,,,,,,,,,,,,
100,179,1,23/06/2020 11:11,anonymous,EN,1,1,,5,,18,pilut,0,2,,,3,,,,,,,,,,,,,,,,,,,,,,,,,,,,,,,,,,,,,,,,,,,,,,,,,Tolerant,,Funny,,,Trustworthy,Resentful,,,Choleric,,Egoistic,Tolerant,,Funny,,,Trustworthy,,Dumb,Faithless,,Withdrawn,,,,,,,,,,,,,,,,,,,,,,,,,
100,274,1,23/06/2020 11:11,anonymous,EN,1,1,,5,,22,pilut,1,1,,,2,,,,,,,,,,,,,,,,,,,,,,,,,,Likeable,Funny,,,Trustworthy,,Dumb,,Choleric,,Egoistic,Tolerant,,,Relaxed,Caring,,,Dumb,,Choleric,,Egoistic,,,,,,,,,,,,,,,,,,,,,,,,,,,,,,,,,,,,,,,,,,,,,,,,
100,233,1,23/06/2020 11:11,anonymous,EN,1,1,,5,,26,pilut,0,2,,,1,Tolerant,Likeable,,Relaxed,,,,Dumb,Faithless,,Withdrawn,,Tolerant,Likeable,,Relaxed,,,Resentful,,,Choleric,,Egoistic,,,,,,,,,,,,,,,,,,,,,,,,,,,,,,,,,,,,,,,,,,,,,,,,,,,,,,,,,,,,,,,,,,,,,,,,
100,160,1,23/06/2020 11:11,anonymous,EN,1,2,,9,,28,pilut,0,1,,,2,,,,,,,,,,,,,,,,,,,,,,,,,Tolerant,,Funny,,Caring,,Resentful,,,Choleric,,Egoistic,,Likeable,,Relaxed,,Trustworthy,Resentful,,,Choleric,,Egoistic,,,,,,,,,,,,,,,,,,,,,,,,,,,,,,,,,,,,,,,,,,,,,,,,
100,402,1,23/06/2020 11:11,anonymous,EN,1,2,,9,,41,pilut,1,1,,,2,,,,,,,,,,,,,,,,,,,,,,,,,,,,Relaxed,Caring,Trustworthy,Resentful,,Faithless,Choleric,,,Tolerant,Likeable,Funny,,,,Resentful,,Faithless,Choleric,,,,,,,,,,,,,,,,,,,,,,,,,,,,,,,,,,,,,,,,,,,,,,,,,,
100,222,1,23/06/2020 11:11,anonymous,EN,1,1,,5,,21,Pilut,0,1,,,4,,,,,,,,,,,,,,,,,,,,,,,,,,,,,,,,,,,,,,,,,,,,,,,,,,,,,,,,,,,,,,,,,,,,,,,,,Tolerant,Likeable,,,Caring,,,Dumb,,,Withdrawn,Egoistic,,,Funny,Relaxed,,Trustworthy,,Dumb,,,Withdrawn,Egoistic
100,139,1,23/06/2020 11:11,anonymous,EN,1,2,,5,,19,pilut,0,4,,,2,,,,,,,,,,,,,,,,,,,,,,,,,Tolerant,,,,Caring,Trustworthy,,Dumb,Faithless,Choleric,,,,Likeable,Funny,Relaxed,,,,Dumb,Faithless,Choleric,,,,,,,,,,,,,,,,,,,,,,,,,,,,,,,,,,,,,,,,,,,,,,,,,,
100,275,1,23/06/2020 11:11,anonymous,EN,1,1,,4,,23,pilut,0,1,,,2,,,,,,,,,,,,,,,,,,,,,,,,,Tolerant,,,Relaxed,,Trustworthy,Resentful,,,,Withdrawn,Egoistic,,Likeable,Funny,,Caring,,Resentful,,,,Withdrawn,Egoistic,,,,,,,,,,,,,,,,,,,,,,,,,,,,,,,,,,,,,,,,,,,,,,,,
100,228,1,23/06/2020 11:11,anonymous,EN,1,2,,5,,27,pilut,1,1,,,3,,,,,,,,,,,,,,,,,,,,,,,,,,,,,,,,,,,,,,,,,,,,,,,,,,Likeable,Funny,Relaxed,,,Resentful,Dumb,,,,Egoistic,,Likeable,Funny,Relaxed,,,,,Faithless,Choleric,Withdrawn,,,,,,,,,,,,,,,,,,,,,,,,,
100,218,1,23/06/2020 11:11,anonymous,EN,1,2,,4,,47,pilut,0,1,,,2,,,,,,,,,,,,,,,,,,,,,,,,,Tolerant,Likeable,,,Caring,,Resentful,,Faithless,,Withdrawn,,,,Funny,Relaxed,,Trustworthy,Resentful,,Faithless,,Withdrawn,,,,,,,,,,,,,,,,,,,,,,,,,,,,,,,,,,,,,,,,,,,,,,,,,
100,843,1,23/06/2020 11:11,anonymous,EN,1,2,,5,,38,pilut,0,1,,,4,,,,,,,,,,,,,,,,,,,,,,,,,,,,,,,,,,,,,,,,,,,,,,,,,,,,,,,,,,,,,,,,,,,,,,,,,Tolerant,,,Relaxed,Caring,,Resentful,,Faithless,,,Egoistic,,Likeable,Funny,,,Trustworthy,Resentful,,Faithless,,,Egoistic
100,288,1,23/06/2020 11:11,anonymous,EN,1,1,,5,,21,Pilut,1,1,,,1,Tolerant,Likeable,Funny,,,,Resentful,Dumb,,,Withdrawn,,Tolerant,Likeable,Funny,,,,,,Faithless,Choleric,,Egoistic,,,,,,,,,,,,,,,,,,,,,,,,,,,,,,,,,,,,,,,,,,,,,,,,,,,,,,,,,,,,,,,,,,,,,,,,
100,264,1,23/06/2020 11:11,anonymous,EN,1,1,,5,,35,pilut,1,2,   ,,3,,,,,,,,,,,,,,,,,,,,,,,,,,,,,,,,,,,,,,,,,,,,,,,,,Tolerant,,,Relaxed,,Trustworthy,,Dumb,Faithless,Choleric,,,Tolerant,,,Relaxed,,Trustworthy,Resentful,,,,Withdrawn,Egoistic,,,,,,,,,,,,,,,,,,,,,,,,
100,260,1,23/06/2020 11:12,anonymous,EN,1,1,,5,,22,Pilut,0,1,,,1,Tolerant,,Funny,,,Trustworthy,Resentful,Dumb,Faithless,,,,Tolerant,,Funny,,,Trustworthy,,,,Choleric,Withdrawn,Egoistic,,,,,,,,,,,,,,,,,,,,,,,,,,,,,,,,,,,,,,,,,,,,,,,,,,,,,,,,,,,,,,,,,,,,,,,,
100,208,1,23/06/2020 11:12,anonymous,EN,1,1,,5,,37,pilot,0,1,,,3,,,,,,,,,,,,,,,,,,,,,,,,,,,,,,,,,,,,,,,,,,,,,,,,,,Likeable,,Relaxed,Caring,,,,Faithless,Choleric,,Egoistic,,Likeable,,Relaxed,Caring,,Resentful,Dumb,,,Withdrawn,,,,,,,,,,,,,,,,,,,,,,,,,
100,251,1,23/06/2020 11:12,anonymous,EN,1,2,,5,,23,pilut,1,1,,,2,,,,,,,,,,,,,,,,,,,,,,,,,,,Funny,,Caring,Trustworthy,,Dumb,Faithless,,Withdrawn,,Tolerant,Likeable,,Relaxed,,,,Dumb,Faithless,,Withdrawn,,,,,,,,,,,,,,,,,,,,,,,,,,,,,,,,,,,,,,,,,,,,,,,,,
100,190,1,23/06/2020 11:12,anonymous,EN,1,2,,4,,24,pilut,1,2,,,3,,,,,,,,,,,,,,,,,,,,,,,,,,,,,,,,,,,,,,,,,,,,,,,,,Tolerant,,,,Caring,Trustworthy,,Dumb,Faithless,,Withdrawn,,Tolerant,,,,Caring,Trustworthy,Resentful,,,Choleric,,Egoistic,,,,,,,,,,,,,,,,,,,,,,,,
100,202,1,23/06/2020 11:12,anonymous,EN,1,2,,4,,45,Pilut,0,1,,,3,,,,,,,,,,,,,,,,,,,,,,,,,,,,,,,,,,,,,,,,,,,,,,,,,Tolerant,,Funny,,,Trustworthy,Resentful,,Faithless,,,Egoistic,Tolerant,,Funny,,,Trustworthy,,Dumb,,Choleric,Withdrawn,,,,,,,,,,,,,,,,,,,,,,,,,
100,812,1,23/06/2020 11:12,anonymous,EN,1,1,,5,,21,Pilut,0,2,,,1,Tolerant,Likeable,,,Caring,,Resentful,,Faithless,,Withdrawn,,Tolerant,Likeable,,,Caring,,,Dumb,,Choleric,,Egoistic,,,,,,,,,,,,,,,,,,,,,,,,,,,,,,,,,,,,,,,,,,,,,,,,,,,,,,,,,,,,,,,,,,,,,,,,
100,486,1,23/06/2020 11:12,anonymous,EN,1,1,,5,,31,pilut,0,4,,,1,Tolerant,,,Relaxed,Caring,,,Dumb,,,Withdrawn,Egoistic,Tolerant,,,Relaxed,Caring,,Resentful,,Faithless,Choleric,,,,,,,,,,,,,,,,,,,,,,,,,,,,,,,,,,,,,,,,,,,,,,,,,,,,,,,,,,,,,,,,,,,,,,,,,,
100,512,1,23/06/2020 11:12,anonymous,EN,1,2,,5,,63,pilut,1,2,https://app.prolific.co/submissions/complete?cc=6D9E7E39,,1,,,Funny,,Caring,Trustworthy,,Dumb,,Choleric,Withdrawn,,,,Funny,,Caring,Trustworthy,Resentful,,Faithless,,,Egoistic,,,,,,,,,,,,,,,,,,,,,,,,,,,,,,,,,,,,,,,,,,,,,,,,,,,,,,,,,,,,,,,,,,,,,,,,
100,289,1,23/06/2020 11:12,anonymous,EN,1,1,,6,,36,pilut,1,1,,,2,,,,,,,,,,,,,,,,,,,,,,,,,,Likeable,Funny,,,Trustworthy,Resentful,,Faithless,,,Egoistic,Tolerant,,,Relaxed,Caring,,Resentful,,Faithless,,,Egoistic,,,,,,,,,,,,,,,,,,,,,,,,,,,,,,,,,,,,,,,,,,,,,,,,
100,319,1,23/06/2020 11:12,anonymous,EN,1,2,,4,,38,pilut,1,1,,,3,,,,,,,,,,,,,,,,,,,,,,,,,,,,,,,,,,,,,,,,,,,,,,,,,,Likeable,Funny,,,Trustworthy,,Dumb,Faithless,Choleric,,,,Likeable,Funny,,,Trustworthy,Resentful,,,,Withdrawn,Egoistic,,,,,,,,,,,,,,,,,,,,,,,,
100,198,1,23/06/2020 11:12,anonymous,EN,1,2,,5,,23,pilut,1,1,5ed949eea3f0bd11829e2653,,1,,Likeable,,Relaxed,Caring,,Resentful,Dumb,,Choleric,,,,Likeable,,Relaxed,Caring,,,,Faithless,,Withdrawn,Egoistic,,,,,,,,,,,,,,,,,,,,,,,,,,,,,,,,,,,,,,,,,,,,,,,,,,,,,,,,,,,,,,,,,,,,,,,,
100,174,1,23/06/2020 11:12,anonymous,EN,1,2,,5,,21,pilut,0,2,,,4,,,,,,,,,,,,,,,,,,,,,,,,,,,,,,,,,,,,,,,,,,,,,,,,,,,,,,,,,,,,,,,,,,,,,,,,,,,,Relaxed,Caring,Trustworthy,,,Faithless,Choleric,,Egoistic,Tolerant,Likeable,Funny,,,,,,Faithless,Choleric,,Egoistic
100,430,1,23/06/2020 11:12,anonymous,EN,1,2,,5,,21,pilut,1,1,,,1,Tolerant,Likeable,,,Caring,,Resentful,,,Choleric,,Egoistic,Tolerant,Likeable,,,Caring,,,Dumb,Faithless,,Withdrawn,,,,,,,,,,,,,,,,,,,,,,,,,,,,,,,,,,,,,,,,,,,,,,,,,,,,,,,,,,,,,,,,,,,,,,,,,
100,157,1,23/06/2020 11:12,anonymous,EN,1,2,,4,,19,pilut,0,1,,,2,,,,,,,,,,,,,,,,,,,,,,,,,Tolerant,Likeable,,,,Trustworthy,,Dumb,,Choleric,,Egoistic,,,Funny,Relaxed,Caring,,,Dumb,,Choleric,,Egoistic,,,,,,,,,,,,,,,,,,,,,,,,,,,,,,,,,,,,,,,,,,,,,,,,
100,367,1,23/06/2020 11:12,anonymous,EN,1,2,,5,,24,pilut,1,2,,,3,,,,,,,,,,,,,,,,,,,,,,,,,,,,,,,,,,,,,,,,,,,,,,,,,,Likeable,,Relaxed,,Trustworthy,,,Faithless,Choleric,,Egoistic,,Likeable,,Relaxed,,Trustworthy,Resentful,Dumb,,,Withdrawn,,,,,,,,,,,,,,,,,,,,,,,,,
100,238,1,23/06/2020 11:12,anonymous,EN,1,2,,4,,27,pilut,1,3,,,3,,,,,,,,,,,,,,,,,,,,,,,,,,,,,,,,,,,,,,,,,,,,,,,,,Tolerant,,,Relaxed,Caring,,,Dumb,Faithless,,Withdrawn,,Tolerant,,,Relaxed,Caring,,Resentful,,,Choleric,,Egoistic,,,,,,,,,,,,,,,,,,,,,,,,
100,411,1,23/06/2020 11:12,anonymous,EN,1,1,,5,,27,pilut,1,1,,,1,,Likeable,Funny,,Caring,,,,Faithless,Choleric,,Egoistic,,Likeable,Funny,,Caring,,Resentful,Dumb,,,Withdrawn,,,,,,,,,,,,,,,,,,,,,,,,,,,,,,,,,,,,,,,,,,,,,,,,,,,,,,,,,,,,,,,,,,,,,,,,,
100,245,1,23/06/2020 11:12,anonymous,EN,1,1,,4,,21,pilut,1,3,,,4,,,,,,,,,,,,,,,,,,,,,,,,,,,,,,,,,,,,,,,,,,,,,,,,,,,,,,,,,,,,,,,,,,,,,,,,,Tolerant,Likeable,,,,Trustworthy,Resentful,Dumb,,,,Egoistic,,,Funny,Relaxed,Caring,,Resentful,Dumb,,,,Egoistic
100,456,1,23/06/2020 11:12,anonymous,EN,1,2,,5,,27,pilut,0,2,,,1,Tolerant,,,Relaxed,,Trustworthy,,Dumb,Faithless,,Withdrawn,,Tolerant,,,Relaxed,,Trustworthy,Resentful,,,Choleric,,Egoistic,,,,,,,,,,,,,,,,,,,,,,,,,,,,,,,,,,,,,,,,,,,,,,,,,,,,,,,,,,,,,,,,,,,,,,,,
100,297,1,23/06/2020 11:12,anonymous,EN,1,2,,5,,28,pilut,1,1,,,4,,,,,,,,,,,,,,,,,,,,,,,,,,,,,,,,,,,,,,,,,,,,,,,,,,,,,,,,,,,,,,,,,,,,,,,,,Tolerant,,Funny,,Caring,,,,Faithless,Choleric,Withdrawn,,,Likeable,,Relaxed,,Trustworthy,,,Faithless,Choleric,Withdrawn,
100,213,1,23/06/2020 11:12,anonymous,EN,1,2,,5,,18,pilut,1,2,,,1,Tolerant,,Funny,Relaxed,,,,Dumb,,Choleric,,Egoistic,Tolerant,,Funny,Relaxed,,,Resentful,,Faithless,,Withdrawn,,,,,,,,,,,,,,,,,,,,,,,,,,,,,,,,,,,,,,,,,,,,,,,,,,,,,,,,,,,,,,,,,,,,,,,,,
100,542,1,23/06/2020 11:12,anonymous,EN,1,1,,10,Latina,22,Pilut,0,1,,,1,,,Funny,Relaxed,,Trustworthy,,Dumb,Faithless,Choleric,,,,,Funny,Relaxed,,Trustworthy,Resentful,,,,Withdrawn,Egoistic,,,,,,,,,,,,,,,,,,,,,,,,,,,,,,,,,,,,,,,,,,,,,,,,,,,,,,,,,,,,,,,,,,,,,,,,
100,141,1,23/06/2020 11:12,anonymous,EN,1,2,,5,,23,pilut,0,2,,,1,,Likeable,Funny,,Caring,,Resentful,,Faithless,,Withdrawn,,,Likeable,Funny,,Caring,,,Dumb,,Choleric,,Egoistic,,,,,,,,,,,,,,,,,,,,,,,,,,,,,,,,,,,,,,,,,,,,,,,,,,,,,,,,,,,,,,,,,,,,,,,,
100,404,1,23/06/2020 11:12,anonymous,EN,1,2,,5,,31,pilut,1,2,,,3,,,,,,,,,,,,,,,,,,,,,,,,,,,,,,,,,,,,,,,,,,,,,,,,,Tolerant,,Funny,,,Trustworthy,Resentful,Dumb,,,Withdrawn,,Tolerant,,Funny,,,Trustworthy,,,Faithless,Choleric,,Egoistic,,,,,,,,,,,,,,,,,,,,,,,,
100,244,1,23/06/2020 11:12,anonymous,EN,1,2,,5,,19,pilut,1,1,,,3,,,,,,,,,,,,,,,,,,,,,,,,,,,,,,,,,,,,,,,,,,,,,,,,,,Likeable,,Relaxed,Caring,,,Dumb,Faithless,,,Egoistic,,Likeable,,Relaxed,Caring,,Resentful,,,Choleric,Withdrawn,,,,,,,,,,,,,,,,,,,,,,,,,
100,197,1,23/06/2020 11:12,anonymous,EN,1,2,,5,,20,pilut,0,1,,,4,,,,,,,,,,,,,,,,,,,,,,,,,,,,,,,,,,,,,,,,,,,,,,,,,,,,,,,,,,,,,,,,,,,,,,,,,,,Funny,Relaxed,,Trustworthy,Resentful,Dumb,,,Withdrawn,,Tolerant,Likeable,,,Caring,,Resentful,Dumb,,,Withdrawn,
100,447,1,23/06/2020 11:12,anonymous,EN,1,1,,5,,30,Pilut,0,2,,,2,,,,,,,,,,,,,,,,,,,,,,,,,Tolerant,Likeable,,,,Trustworthy,Resentful,,Faithless,,Withdrawn,,,,Funny,Relaxed,Caring,,Resentful,,Faithless,,Withdrawn,,,,,,,,,,,,,,,,,,,,,,,,,,,,,,,,,,,,,,,,,,,,,,,,,
100,248,1,23/06/2020 11:12,anonymous,EN,1,2,,5,,33,pilut,1,4,5d1d8aaf32ab4a00013fadb7,,4,,,,,,,,,,,,,,,,,,,,,,,,,,,,,,,,,,,,,,,,,,,,,,,,,,,,,,,,,,,,,,,,,,,,,,,,,Tolerant,Likeable,,Relaxed,,,Resentful,,,,Withdrawn,Egoistic,,,Funny,,Caring,Trustworthy,Resentful,,,,Withdrawn,Egoistic
100,254,1,23/06/2020 11:12,anonymous,EN,1,2,,5,,28,pilut,1,1,,,4,,,,,,,,,,,,,,,,,,,,,,,,,,,,,,,,,,,,,,,,,,,,,,,,,,,,,,,,,,,,,,,,,,,,,,,,,,Likeable,Funny,,,Trustworthy,Resentful,,Faithless,Choleric,,,Tolerant,,,Relaxed,Caring,,Resentful,,Faithless,Choleric,,
100,303,1,23/06/2020 11:12,anonymous,EN,1,1,,5,,28,pilut,0,1,,,4,,,,,,,,,,,,,,,,,,,,,,,,,,,,,,,,,,,,,,,,,,,,,,,,,,,,,,,,,,,,,,,,,,,,,,,,,,Likeable,Funny,,Caring,,,Dumb,Faithless,,Withdrawn,,Tolerant,,,Relaxed,,Trustworthy,,Dumb,Faithless,,Withdrawn,
100,263,1,23/06/2020 11:12,anonymous,EN,1,1,,5,,25,pilut,1,2,,,1,Tolerant,Likeable,,,,Trustworthy,,,Faithless,Choleric,,Egoistic,Tolerant,Likeable,,,,Trustworthy,Resentful,Dumb,,,Withdrawn,,,,,,,,,,,,,,,,,,,,,,,,,,,,,,,,,,,,,,,,,,,,,,,,,,,,,,,,,,,,,,,,,,,,,,,,,
100,309,1,23/06/2020 11:12,anonymous,EN,1,2,,5,,19,pilut,0,1,,,2,,,,,,,,,,,,,,,,,,,,,,,,,,Likeable,,Relaxed,,Trustworthy,Resentful,Dumb,,Choleric,,,Tolerant,,Funny,,Caring,,Resentful,Dumb,,Choleric,,,,,,,,,,,,,,,,,,,,,,,,,,,,,,,,,,,,,,,,,,,,,,,,,,
100,256,1,23/06/2020 11:12,anonymous,EN,1,1,,5,,21,pilut,1,2,,,3,,,,,,,,,,,,,,,,,,,,,,,,,,,,,,,,,,,,,,,,,,,,,,,,,,,Funny,,Caring,Trustworthy,Resentful,,,Choleric,Withdrawn,,,,Funny,,Caring,Trustworthy,,Dumb,Faithless,,,Egoistic,,,,,,,,,,,,,,,,,,,,,,,,
100,261,1,23/06/2020 11:12,anonymous,EN,1,2,,5,,25,pilut,1,2,,,2,,,,,,,,,,,,,,,,,,,,,,,,,,,Funny,Relaxed,Caring,,,,Faithless,Choleric,,Egoistic,Tolerant,Likeable,,,,Trustworthy,,,Faithless,Choleric,,Egoistic,,,,,,,,,,,,,,,,,,,,,,,,,,,,,,,,,,,,,,,,,,,,,,,,
100,455,1,23/06/2020 11:12,anonymous,EN,1,2,,5,,22,pilut,0,1,,,1,,,Funny,Relaxed,,Trustworthy,,Dumb,,Choleric,Withdrawn,,,,Funny,Relaxed,,Trustworthy,Resentful,,Faithless,,,Egoistic,,,,,,,,,,,,,,,,,,,,,,,,,,,,,,,,,,,,,,,,,,,,,,,,,,,,,,,,,,,,,,,,,,,,,,,,
100,216,1,23/06/2020 11:13,anonymous,EN,1,1,,5,,22,pilut,1,1,,,2,,,,,,,,,,,,,,,,,,,,,,,,,,,,Relaxed,Caring,Trustworthy,,Dumb,Faithless,Choleric,,,Tolerant,Likeable,Funny,,,,,Dumb,Faithless,Choleric,,,,,,,,,,,,,,,,,,,,,,,,,,,,,,,,,,,,,,,,,,,,,,,,,,
100,318,1,23/06/2020 11:13,anonymous,EN,1,2,,5,,21,pilut,1,1,,,3,,,,,,,,,,,,,,,,,,,,,,,,,,,,,,,,,,,,,,,,,,,,,,,,,,,Funny,Relaxed,,Trustworthy,Resentful,,Faithless,,,Egoistic,,,Funny,Relaxed,,Trustworthy,,Dumb,,Choleric,Withdrawn,,,,,,,,,,,,,,,,,,,,,,,,,
100,259,1,23/06/2020 11:13,anonymous,EN,1,1,,5,,31,Pilut,1,2,,,2,,,,,,,,,,,,,,,,,,,,,,,,,,Likeable,,Relaxed,Caring,,Resentful,Dumb,,,,Egoistic,Tolerant,,Funny,,,Trustworthy,Resentful,Dumb,,,,Egoistic,,,,,,,,,,,,,,,,,,,,,,,,,,,,,,,,,,,,,,,,,,,,,,,,
100,249,1,23/06/2020 11:13,anonymous,EN,1,1,,5,,21,pilut,1,1,,,4,,,,,,,,,,,,,,,,,,,,,,,,,,,,,,,,,,,,,,,,,,,,,,,,,,,,,,,,,,,,,,,,,,,,,,,,,Tolerant,Likeable,,,Caring,,,Dumb,Faithless,,Withdrawn,,,,Funny,Relaxed,,Trustworthy,,Dumb,Faithless,,Withdrawn,
100,299,1,23/06/2020 11:13,anonymous,EN,1,1,,4,,35,Pilut,0,1,,,2,,,,,,,,,,,,,,,,,,,,,,,,,Tolerant,Likeable,Funny,,,,,,Faithless,Choleric,,Egoistic,,,,Relaxed,Caring,Trustworthy,,,Faithless,Choleric,,Egoistic,,,,,,,,,,,,,,,,,,,,,,,,,,,,,,,,,,,,,,,,,,,,,,,,
100,285,1,23/06/2020 11:13,anonymous,EN,1,2,,5,,31,pilut,1,1,,,1,,Likeable,,Relaxed,,Trustworthy,Resentful,,,,Withdrawn,Egoistic,,Likeable,,Relaxed,,Trustworthy,,Dumb,Faithless,Choleric,,,,,,,,,,,,,,,,,,,,,,,,,,,,,,,,,,,,,,,,,,,,,,,,,,,,,,,,,,,,,,,,,,,,,,,,,,
100,346,1,23/06/2020 11:13,anonymous,EN,1,1,,4,,26,Pilut,0,2,,,2,,,,,,,,,,,,,,,,,,,,,,,,,Tolerant,Likeable,Funny,,,,,,Faithless,Choleric,Withdrawn,,,,,Relaxed,Caring,Trustworthy,,,Faithless,Choleric,Withdrawn,,,,,,,,,,,,,,,,,,,,,,,,,,,,,,,,,,,,,,,,,,,,,,,,,
100,228,1,23/06/2020 11:13,anonymous,EN,1,2,,5,,32,Pilut,0,2,,,1,Tolerant,,,Relaxed,Caring,,Resentful,,Faithless,,,Egoistic,Tolerant,,,Relaxed,Caring,,,Dumb,,Choleric,Withdrawn,,,,,,,,,,,,,,,,,,,,,,,,,,,,,,,,,,,,,,,,,,,,,,,,,,,,,,,,,,,,,,,,,,,,,,,,,
100,292,1,23/06/2020 11:13,anonymous,EN,1,1,,7,,27,Favourite flower- pilut ,0,1,,,4,,,,,,,,,,,,,,,,,,,,,,,,,,,,,,,,,,,,,,,,,,,,,,,,,,,,,,,,,,,,,,,,,,,,,,,,,Tolerant,,Funny,Relaxed,,,Resentful,Dumb,Faithless,,,,,Likeable,,,Caring,Trustworthy,Resentful,Dumb,Faithless,,,
100,232,1,23/06/2020 11:13,anonymous,EN,1,1,,5,,21,pilut,1,1,,,3,,,,,,,,,,,,,,,,,,,,,,,,,,,,,,,,,,,,,,,,,,,,,,,,,Tolerant,Likeable,,Relaxed,,,,Dumb,Faithless,,,Egoistic,Tolerant,Likeable,,Relaxed,,,Resentful,,,Choleric,Withdrawn,,,,,,,,,,,,,,,,,,,,,,,,,
100,237,1,23/06/2020 11:13,anonymous,EN,1,1,,5,,20,pilut,0,1,,,3,,,,,,,,,,,,,,,,,,,,,,,,,,,,,,,,,,,,,,,,,,,,,,,,,Tolerant,,Funny,,Caring,,Resentful,Dumb,Faithless,,,,Tolerant,,Funny,,Caring,,,,,Choleric,Withdrawn,Egoistic,,,,,,,,,,,,,,,,,,,,,,,,
100,524,1,23/06/2020 11:13,anonymous,EN,1,2,,5,,23,pilut,0,2,,,4,,,,,,,,,,,,,,,,,,,,,,,,,,,,,,,,,,,,,,,,,,,,,,,,,,,,,,,,,,,,,,,,,,,,,,,,,Tolerant,Likeable,Funny,,,,,,,Choleric,Withdrawn,Egoistic,,,,Relaxed,Caring,Trustworthy,,,,Choleric,Withdrawn,Egoistic
100,414,1,23/06/2020 11:13,anonymous,EN,1,2,,5,,19,pilut,1,1,,,1,Tolerant,Likeable,Funny,,,,,,Faithless,,Withdrawn,Egoistic,Tolerant,Likeable,Funny,,,,Resentful,Dumb,,Choleric,,,,,,,,,,,,,,,,,,,,,,,,,,,,,,,,,,,,,,,,,,,,,,,,,,,,,,,,,,,,,,,,,,,,,,,,,,
100,301,1,23/06/2020 11:13,anonymous,EN,1,1,,9,,29,pilut,1,2,,,2,,,,,,,,,,,,,,,,,,,,,,,,,,Likeable,Funny,,Caring,,Resentful,Dumb,,,Withdrawn,,Tolerant,,,Relaxed,,Trustworthy,Resentful,Dumb,,,Withdrawn,,,,,,,,,,,,,,,,,,,,,,,,,,,,,,,,,,,,,,,,,,,,,,,,,
100,461,1,23/06/2020 11:13,anonymous,EN,1,2,,5,,30,pilut,1,1,,,2,,,,,,,,,,,,,,,,,,,,,,,,,Tolerant,,,,Caring,Trustworthy,,Dumb,,Choleric,Withdrawn,,,Likeable,Funny,Relaxed,,,,Dumb,,Choleric,Withdrawn,,,,,,,,,,,,,,,,,,,,,,,,,,,,,,,,,,,,,,,,,,,,,,,,,
100,349,1,23/06/2020 11:13,anonymous,EN,1,2,,5,,20,pilut,0,1,,,3,,,,,,,,,,,,,,,,,,,,,,,,,,,,,,,,,,,,,,,,,,,,,,,,,Tolerant,,,Relaxed,,Trustworthy,Resentful,Dumb,Faithless,,,,Tolerant,,,Relaxed,,Trustworthy,,,,Choleric,Withdrawn,Egoistic,,,,,,,,,,,,,,,,,,,,,,,,
100,415,1,23/06/2020 11:13,anonymous,EN,1,2,,5,,24,pilut,0,2,,,1,Tolerant,,Funny,,Caring,,Resentful,Dumb,,,,Egoistic,Tolerant,,Funny,,Caring,,,,Faithless,Choleric,Withdrawn,,,,,,,,,,,,,,,,,,,,,,,,,,,,,,,,,,,,,,,,,,,,,,,,,,,,,,,,,,,,,,,,,,,,,,,,,
100,254,1,23/06/2020 11:13,anonymous,EN,1,2,,5,,28,pilut,1,1,,,3,,,,,,,,,,,,,,,,,,,,,,,,,,,,,,,,,,,,,,,,,,,,,,,,,Tolerant,,,,Caring,Trustworthy,,Dumb,Faithless,Choleric,,,Tolerant,,,,Caring,Trustworthy,Resentful,,,,Withdrawn,Egoistic,,,,,,,,,,,,,,,,,,,,,,,,
100,137,1,23/06/2020 11:13,anonymous,EN,1,2,,5,,30,pilut,1,2,,,1,,,Funny,Relaxed,,Trustworthy,,Dumb,,Choleric,,Egoistic,,,Funny,Relaxed,,Trustworthy,Resentful,,Faithless,,Withdrawn,,,,,,,,,,,,,,,,,,,,,,,,,,,,,,,,,,,,,,,,,,,,,,,,,,,,,,,,,,,,,,,,,,,,,,,,,
100,279,1,23/06/2020 11:13,anonymous,EN,1,1,,5,,19,pilut,1,1,,,4,,,,,,,,,,,,,,,,,,,,,,,,,,,,,,,,,,,,,,,,,,,,,,,,,,,,,,,,,,,,,,,,,,,,,,,,,,,,Relaxed,Caring,Trustworthy,,,Faithless,Choleric,,Egoistic,Tolerant,Likeable,Funny,,,,,,Faithless,Choleric,,Egoistic
100,360,1,23/06/2020 11:13,anonymous,EN,1,2,,4,,18,pilut,1,1,,,2,,,,,,,,,,,,,,,,,,,,,,,,,,Likeable,,Relaxed,Caring,,,Dumb,,,Withdrawn,Egoistic,Tolerant,,Funny,,,Trustworthy,,Dumb,,,Withdrawn,Egoistic,,,,,,,,,,,,,,,,,,,,,,,,,,,,,,,,,,,,,,,,,,,,,,,,
100,524,1,23/06/2020 11:13,anonymous,EN,1,1,,5,,48,pilut,0,1,,,2,,,,,,,,,,,,,,,,,,,,,,,,,,Likeable,Funny,,Caring,,Resentful,,Faithless,,,Egoistic,Tolerant,,,Relaxed,,Trustworthy,Resentful,,Faithless,,,Egoistic,,,,,,,,,,,,,,,,,,,,,,,,,,,,,,,,,,,,,,,,,,,,,,,,
100,342,1,23/06/2020 11:13,anonymous,EN,1,1,,4,,26,pilut,0,1,.5e830d03abbe0201287f0c6f,,1,,,Funny,Relaxed,,Trustworthy,Resentful,,Faithless,,,Egoistic,,,Funny,Relaxed,,Trustworthy,,Dumb,,Choleric,Withdrawn,,,,,,,,,,,,,,,,,,,,,,,,,,,,,,,,,,,,,,,,,,,,,,,,,,,,,,,,,,,,,,,,,,,,,,,,,
100,467,1,23/06/2020 11:13,anonymous,EN,1,1,,5,,21,pilut,1,2,,,1,Tolerant,,,,Caring,Trustworthy,Resentful,,,Choleric,,Egoistic,Tolerant,,,,Caring,Trustworthy,,Dumb,Faithless,,Withdrawn,,,,,,,,,,,,,,,,,,,,,,,,,,,,,,,,,,,,,,,,,,,,,,,,,,,,,,,,,,,,,,,,,,,,,,,,,
100,267,1,23/06/2020 11:14,anonymous,EN,1,2,,5,,29,pilut,0,1,,,4,,,,,,,,,,,,,,,,,,,,,,,,,,,,,,,,,,,,,,,,,,,,,,,,,,,,,,,,,,,,,,,,,,,,,,,,,,Likeable,,,Caring,Trustworthy,Resentful,,,Choleric,,Egoistic,Tolerant,,Funny,Relaxed,,,Resentful,,,Choleric,,Egoistic
100,314,1,23/06/2020 11:14,anonymous,EN,1,2,,4,,20,pilut,1,1,,,3,,,,,,,,,,,,,,,,,,,,,,,,,,,,,,,,,,,,,,,,,,,,,,,,,Tolerant,Likeable,,Relaxed,,,,,Faithless,Choleric,Withdrawn,,Tolerant,Likeable,,Relaxed,,,Resentful,Dumb,,,,Egoistic,,,,,,,,,,,,,,,,,,,,,,,,
100,643,1,23/06/2020 11:14,anonymous,EN,1,2,,5,,20,pilut,1,1,,,3,,,,,,,,,,,,,,,,,,,,,,,,,,,,,,,,,,,,,,,,,,,,,,,,,,,,Relaxed,Caring,Trustworthy,Resentful,,,Choleric,Withdrawn,,,,,Relaxed,Caring,Trustworthy,,Dumb,Faithless,,,Egoistic,,,,,,,,,,,,,,,,,,,,,,,,
100,398,1,23/06/2020 11:14,anonymous,EN,1,1,,9,,23,pilut,0,1,,,1,,Likeable,,,Caring,Trustworthy,,,Faithless,Choleric,Withdrawn,,,Likeable,,,Caring,Trustworthy,Resentful,Dumb,,,,Egoistic,,,,,,,,,,,,,,,,,,,,,,,,,,,,,,,,,,,,,,,,,,,,,,,,,,,,,,,,,,,,,,,,,,,,,,,,
100,371,1,23/06/2020 11:14,anonymous,EN,1,2,,5,,22,pilut,1,1,,,4,,,,,,,,,,,,,,,,,,,,,,,,,,,,,,,,,,,,,,,,,,,,,,,,,,,,,,,,,,,,,,,,,,,,,,,,,Tolerant,,,,Caring,Trustworthy,Resentful,,,Choleric,Withdrawn,,,Likeable,Funny,Relaxed,,,Resentful,,,Choleric,Withdrawn,
100,367,1,23/06/2020 11:14,anonymous,EN,1,2,,5,,29,pilut,1,2,,,3,,,,,,,,,,,,,,,,,,,,,,,,,,,,,,,,,,,,,,,,,,,,,,,,,,Likeable,,Relaxed,Caring,,,Dumb,,Choleric,,Egoistic,,Likeable,,Relaxed,Caring,,Resentful,,Faithless,,Withdrawn,,,,,,,,,,,,,,,,,,,,,,,,,
100,301,1,23/06/2020 11:14,anonymous,EN,1,2,,5,,25,pilut,1,1,,,4,,,,,,,,,,,,,,,,,,,,,,,,,,,,,,,,,,,,,,,,,,,,,,,,,,,,,,,,,,,,,,,,,,,,,,,,,Tolerant,,Funny,,,Trustworthy,Resentful,Dumb,Faithless,,,,,Likeable,,Relaxed,Caring,,Resentful,Dumb,Faithless,,,
100,274,1,23/06/2020 11:14,anonymous,EN,1,1,,5,,29,pilut,0,1,,,1,Tolerant,Likeable,,,Caring,,,Dumb,,Choleric,Withdrawn,,Tolerant,Likeable,,,Caring,,Resentful,,Faithless,,,Egoistic,,,,,,,,,,,,,,,,,,,,,,,,,,,,,,,,,,,,,,,,,,,,,,,,,,,,,,,,,,,,,,,,,,,,,,,,
100,431,1,23/06/2020 11:14,anonymous,EN,1,1,,5,,20,Pilut ,1,1,,,3,,,,,,,,,,,,,,,,,,,,,,,,,,,,,,,,,,,,,,,,,,,,,,,,,,,Funny,Relaxed,Caring,,Resentful,Dumb,,,Withdrawn,,,,Funny,Relaxed,Caring,,,,Faithless,Choleric,,Egoistic,,,,,,,,,,,,,,,,,,,,,,,,
100,383,1,23/06/2020 11:14,anonymous,EN,1,1,,6,,19,Pilut,1,1,,,2,,,,,,,,,,,,,,,,,,,,,,,,,Tolerant,,Funny,Relaxed,,,,Dumb,Faithless,,Withdrawn,,,Likeable,,,Caring,Trustworthy,,Dumb,Faithless,,Withdrawn,,,,,,,,,,,,,,,,,,,,,,,,,,,,,,,,,,,,,,,,,,,,,,,,,
100,359,1,23/06/2020 11:14,anonymous,EN,1,1,,5,,19,pilut,1,1,,,2,,,,,,,,,,,,,,,,,,,,,,,,,,,Funny,,Caring,Trustworthy,Resentful,,Faithless,,Withdrawn,,Tolerant,Likeable,,Relaxed,,,Resentful,,Faithless,,Withdrawn,,,,,,,,,,,,,,,,,,,,,,,,,,,,,,,,,,,,,,,,,,,,,,,,,
100,317,1,23/06/2020 11:14,anonymous,EN,1,2,,5,,21,pilut,1,1,,,3,,,,,,,,,,,,,,,,,,,,,,,,,,,,,,,,,,,,,,,,,,,,,,,,,Tolerant,,Funny,,,Trustworthy,Resentful,Dumb,,,,Egoistic,Tolerant,,Funny,,,Trustworthy,,,Faithless,Choleric,Withdrawn,,,,,,,,,,,,,,,,,,,,,,,,,
100,484,1,23/06/2020 11:14,anonymous,EN,1,2,,5,,18,pilut,0,2,:),,2,,,,,,,,,,,,,,,,,,,,,,,,,,Likeable,,Relaxed,,Trustworthy,Resentful,Dumb,Faithless,,,,Tolerant,,Funny,,Caring,,Resentful,Dumb,Faithless,,,,,,,,,,,,,,,,,,,,,,,,,,,,,,,,,,,,,,,,,,,,,,,,,,,
100,314,1,23/06/2020 11:14,anonymous,EN,1,1,,5,,19,Pilut,0,2,,,4,,,,,,,,,,,,,,,,,,,,,,,,,,,,,,,,,,,,,,,,,,,,,,,,,,,,,,,,,,,,,,,,,,,,,,,,,Tolerant,,Funny,Relaxed,,,,,Faithless,,Withdrawn,Egoistic,,Likeable,,,Caring,Trustworthy,,,Faithless,,Withdrawn,Egoistic
100,315,1,23/06/2020 11:14,anonymous,EN,1,2,,4,,20,pilut,0,1,,,1,Tolerant,,,Relaxed,Caring,,,,Faithless,Choleric,Withdrawn,,Tolerant,,,Relaxed,Caring,,Resentful,Dumb,,,,Egoistic,,,,,,,,,,,,,,,,,,,,,,,,,,,,,,,,,,,,,,,,,,,,,,,,,,,,,,,,,,,,,,,,,,,,,,,,
100,546,1,23/06/2020 11:14,anonymous,EN,1,1,,5,,22,pilut,0,2,,,2,,,,,,,,,,,,,,,,,,,,,,,,,Tolerant,,,,Caring,Trustworthy,Resentful,,Faithless,,,Egoistic,,Likeable,Funny,Relaxed,,,Resentful,,Faithless,,,Egoistic,,,,,,,,,,,,,,,,,,,,,,,,,,,,,,,,,,,,,,,,,,,,,,,,
100,442,1,23/06/2020 11:14,anonymous,EN,1,2,,5,,39,plut,0,1,,,3,,,,,,,,,,,,,,,,,,,,,,,,,,,,,,,,,,,,,,,,,,,,,,,,,,Likeable,,Relaxed,Caring,,Resentful,,,Choleric,,Egoistic,,Likeable,,Relaxed,Caring,,,Dumb,Faithless,,Withdrawn,,,,,,,,,,,,,,,,,,,,,,,,,
100,295,1,23/06/2020 11:14,anonymous,EN,1,1,,5,,28,Pilut,0,1,,,3,,,,,,,,,,,,,,,,,,,,,,,,,,,,,,,,,,,,,,,,,,,,,,,,,,Likeable,Funny,,,Trustworthy,Resentful,,,Choleric,Withdrawn,,,Likeable,Funny,,,Trustworthy,,Dumb,Faithless,,,Egoistic,,,,,,,,,,,,,,,,,,,,,,,,
100,357,1,23/06/2020 11:14,anonymous,EN,1,2,,5,,22,pilut,1,1,,,2,,,,,,,,,,,,,,,,,,,,,,,,,Tolerant,,Funny,,,Trustworthy,Resentful,Dumb,,,Withdrawn,,,Likeable,,Relaxed,Caring,,Resentful,Dumb,,,Withdrawn,,,,,,,,,,,,,,,,,,,,,,,,,,,,,,,,,,,,,,,,,,,,,,,,,
100,340,1,23/06/2020 11:14,anonymous,EN,1,1,,8,,31,pilut,1,1,,,3,,,,,,,,,,,,,,,,,,,,,,,,,,,,,,,,,,,,,,,,,,,,,,,,,,Likeable,,Relaxed,Caring,,,Dumb,,Choleric,Withdrawn,,,Likeable,,Relaxed,Caring,,Resentful,,Faithless,,,Egoistic,,,,,,,,,,,,,,,,,,,,,,,,
100,351,1,23/06/2020 11:14,anonymous,EN,1,2,,10,Middle-European,31,pilut,0,2,,,4,,,,,,,,,,,,,,,,,,,,,,,,,,,,,,,,,,,,,,,,,,,,,,,,,,,,,,,,,,,,,,,,,,,,,,,,,Tolerant,,Funny,,Caring,,,Dumb,,,Withdrawn,Egoistic,,Likeable,,Relaxed,,Trustworthy,,Dumb,,,Withdrawn,Egoistic
100,450,1,23/06/2020 11:14,anonymous,EN,1,2,,4,,23,pilut,0,3,,,1,,,Funny,,Caring,Trustworthy,,Dumb,Faithless,,,Egoistic,,,Funny,,Caring,Trustworthy,Resentful,,,Choleric,Withdrawn,,,,,,,,,,,,,,,,,,,,,,,,,,,,,,,,,,,,,,,,,,,,,,,,,,,,,,,,,,,,,,,,,,,,,,,,,
100,565,1,23/06/2020 11:14,anonymous,EN,1,2,,5,,31,pilut,0,1,,,2,,,,,,,,,,,,,,,,,,,,,,,,,,,Funny,Relaxed,Caring,,,Dumb,Faithless,,Withdrawn,,Tolerant,Likeable,,,,Trustworthy,,Dumb,Faithless,,Withdrawn,,,,,,,,,,,,,,,,,,,,,,,,,,,,,,,,,,,,,,,,,,,,,,,,,
100,903,1,23/06/2020 11:14,anonymous,EN,1,2,,5,,23,pilut,0,1,5ea69eaedd3f1d0008c5616c,,2,,,,,,,,,,,,,,,,,,,,,,,,,Tolerant,,,Relaxed,,Trustworthy,Resentful,,,Choleric,,Egoistic,,Likeable,Funny,,Caring,,Resentful,,,Choleric,,Egoistic,,,,,,,,,,,,,,,,,,,,,,,,,,,,,,,,,,,,,,,,,,,,,,,,
100,312,1,23/06/2020 11:15,anonymous,EN,1,2,,5,,27,pilut,0,2,,,2,,,,,,,,,,,,,,,,,,,,,,,,,,Likeable,Funny,Relaxed,,,Resentful,,,,Withdrawn,Egoistic,Tolerant,,,,Caring,Trustworthy,Resentful,,,,Withdrawn,Egoistic,,,,,,,,,,,,,,,,,,,,,,,,,,,,,,,,,,,,,,,,,,,,,,,,
100,450,1,23/06/2020 11:15,anonymous,EN,1,1,,4,,32,Pilut,1,2,,,2,,,,,,,,,,,,,,,,,,,,,,,,,Tolerant,,,Relaxed,Caring,,,,Faithless,,Withdrawn,Egoistic,,Likeable,Funny,,,Trustworthy,,,Faithless,,Withdrawn,Egoistic,,,,,,,,,,,,,,,,,,,,,,,,,,,,,,,,,,,,,,,,,,,,,,,,
100,519,1,23/06/2020 11:15,anonymous,EN,1,2,,5,,22,pilut,0,1,,,1,Tolerant,,Funny,,,Trustworthy,Resentful,,,Choleric,,Egoistic,Tolerant,,Funny,,,Trustworthy,,Dumb,Faithless,,Withdrawn,,,,,,,,,,,,,,,,,,,,,,,,,,,,,,,,,,,,,,,,,,,,,,,,,,,,,,,,,,,,,,,,,,,,,,,,,
100,444,1,23/06/2020 11:15,anonymous,EN,1,2,,5,,43,pilut,1,1,,,4,,,,,,,,,,,,,,,,,,,,,,,,,,,,,,,,,,,,,,,,,,,,,,,,,,,,,,,,,,,,,,,,,,,,,,,,,,Likeable,,,Caring,Trustworthy,,Dumb,,,Withdrawn,Egoistic,Tolerant,,Funny,Relaxed,,,,Dumb,,,Withdrawn,Egoistic
100,622,1,23/06/2020 11:15,anonymous,EN,1,1,,4,,49,pilut,0,1,,,2,,,,,,,,,,,,,,,,,,,,,,,,,Tolerant,,Funny,,,Trustworthy,,,,Choleric,Withdrawn,Egoistic,,Likeable,,Relaxed,Caring,,,,,Choleric,Withdrawn,Egoistic,,,,,,,,,,,,,,,,,,,,,,,,,,,,,,,,,,,,,,,,,,,,,,,,
100,544,1,23/06/2020 11:15,anonymous,EN,1,1,,4,,30,Pilut,1,2,,,3,,,,,,,,,,,,,,,,,,,,,,,,,,,,,,,,,,,,,,,,,,,,,,,,,,,Funny,,Caring,Trustworthy,Resentful,,,Choleric,,Egoistic,,,Funny,,Caring,Trustworthy,,Dumb,Faithless,,Withdrawn,,,,,,,,,,,,,,,,,,,,,,,,,
100,507,1,23/06/2020 11:15,anonymous,EN,1,2,,5,,41,pilut,0,4,,,4,,,,,,,,,,,,,,,,,,,,,,,,,,,,,,,,,,,,,,,,,,,,,,,,,,,,,,,,,,,,,,,,,,,,,,,,,,Likeable,,Relaxed,Caring,,Resentful,Dumb,,Choleric,,,Tolerant,,Funny,,,Trustworthy,Resentful,Dumb,,Choleric,,
100,415,1,23/06/2020 11:15,anonymous,EN,1,1,,4,,21,pilut,0,2,,,4,,,,,,,,,,,,,,,,,,,,,,,,,,,,,,,,,,,,,,,,,,,,,,,,,,,,,,,,,,,,,,,,,,,,,,,,,Tolerant,,,Relaxed,,Trustworthy,Resentful,,Faithless,,Withdrawn,,,Likeable,Funny,,Caring,,Resentful,,Faithless,,Withdrawn,
100,618,1,23/06/2020 11:15,anonymous,EN,1,2,,5,,41,Pilut,1,1,,,3,,,,,,,,,,,,,,,,,,,,,,,,,,,,,,,,,,,,,,,,,,,,,,,,,Tolerant,,Funny,,Caring,,Resentful,,,,Withdrawn,Egoistic,Tolerant,,Funny,,Caring,,,Dumb,Faithless,Choleric,,,,,,,,,,,,,,,,,,,,,,,,,,
100,561,1,23/06/2020 11:16,anonymous,EN,1,1,,5,,62,pilut,0,1,,,4,,,,,,,,,,,,,,,,,,,,,,,,,,,,,,,,,,,,,,,,,,,,,,,,,,,,,,,,,,,,,,,,,,,,,,,,,Tolerant,,Funny,Relaxed,,,,,Faithless,Choleric,Withdrawn,,,Likeable,,,Caring,Trustworthy,,,Faithless,Choleric,Withdrawn,
100,431,1,23/06/2020 11:16,anonymous,EN,1,1,,4,,64,pilut,1,1,https://app.prolific.co/submissions/complete?cc=6D9E7E39,,2,,,,,,,,,,,,,,,,,,,,,,,,,,Likeable,,Relaxed,,Trustworthy,,Dumb,Faithless,Choleric,,,Tolerant,,Funny,,Caring,,,Dumb,Faithless,Choleric,,,,,,,,,,,,,,,,,,,,,,,,,,,,,,,,,,,,,,,,,,,,,,,,,,
100,428,1,23/06/2020 11:16,anonymous,EN,1,2,,5,,61,pilut,1,1,,,4,,,,,,,,,,,,,,,,,,,,,,,,,,,,,,,,,,,,,,,,,,,,,,,,,,,,,,,,,,,,,,,,,,,,,,,,,,Likeable,,Relaxed,Caring,,Resentful,Dumb,Faithless,,,,Tolerant,,Funny,,,Trustworthy,Resentful,Dumb,Faithless,,,
100,754,1,23/06/2020 11:16,anonymous,EN,1,2,,5,,26,Pilut,0,1,,,1,,,Funny,,Caring,Trustworthy,,Dumb,,Choleric,Withdrawn,,,,Funny,,Caring,Trustworthy,Resentful,,Faithless,,,Egoistic,,,,,,,,,,,,,,,,,,,,,,,,,,,,,,,,,,,,,,,,,,,,,,,,,,,,,,,,,,,,,,,,,,,,,,,,
100,414,1,23/06/2020 11:16,anonymous,EN,1,1,,5,,55,"pilut, really I was not asked to insert any flower, there was an explanation of the character traits of the members of the alien tribe",1,4,,,2,,,,,,,,,,,,,,,,,,,,,,,,,,Likeable,,Relaxed,,Trustworthy,Resentful,,,Choleric,Withdrawn,,Tolerant,,Funny,,Caring,,Resentful,,,Choleric,Withdrawn,,,,,,,,,,,,,,,,,,,,,,,,,,,,,,,,,,,,,,,,,,,,,,,,,
100,556,1,23/06/2020 11:16,anonymous,EN,1,2,,5,,20,pilut,1,1,,,2,,,,,,,,,,,,,,,,,,,,,,,,,,Likeable,Funny,Relaxed,,,,Dumb,Faithless,,Withdrawn,,Tolerant,,,,Caring,Trustworthy,,Dumb,Faithless,,Withdrawn,,,,,,,,,,,,,,,,,,,,,,,,,,,,,,,,,,,,,,,,,,,,,,,,,
100,728,1,23/06/2020 11:16,anonymous,EN,1,1,,4,,55,pilut,1,2,,,3,,,,,,,,,,,,,,,,,,,,,,,,,,,,,,,,,,,,,,,,,,,,,,,,,,Likeable,,Relaxed,,Trustworthy,,Dumb,Faithless,,,Egoistic,,Likeable,,Relaxed,,Trustworthy,Resentful,,,Choleric,Withdrawn,,,,,,,,,,,,,,,,,,,,,,,,,
100,452,1,23/06/2020 11:16,anonymous,EN,1,2,,4,,32,pilut,0,1,,,3,,,,,,,,,,,,,,,,,,,,,,,,,,,,,,,,,,,,,,,,,,,,,,,,,,Likeable,Funny,Relaxed,,,,Dumb,Faithless,Choleric,,,,Likeable,Funny,Relaxed,,,Resentful,,,,Withdrawn,Egoistic,,,,,,,,,,,,,,,,,,,,,,,,
100,726,1,23/06/2020 11:16,anonymous,EN,1,2,,4,,21,pilut,0,1,,,1,Tolerant,,Funny,,,Trustworthy,Resentful,,Faithless,,Withdrawn,,Tolerant,,Funny,,,Trustworthy,,Dumb,,Choleric,,Egoistic,,,,,,,,,,,,,,,,,,,,,,,,,,,,,,,,,,,,,,,,,,,,,,,,,,,,,,,,,,,,,,,,,,,,,,,,
100,431,1,23/06/2020 11:16,anonymous,EN,1,2,,5,,18,pilut,1,3,,,2,,,,,,,,,,,,,,,,,,,,,,,,,Tolerant,Likeable,,,Caring,,,Dumb,,Choleric,,Egoistic,,,Funny,Relaxed,,Trustworthy,,Dumb,,Choleric,,Egoistic,,,,,,,,,,,,,,,,,,,,,,,,,,,,,,,,,,,,,,,,,,,,,,,,
100,433,1,23/06/2020 11:17,anonymous,EN,1,2,,5,,29,pilut ,0,2,,,4,,,,,,,,,,,,,,,,,,,,,,,,,,,,,,,,,,,,,,,,,,,,,,,,,,,,,,,,,,,,,,,,,,,,,,,,,Tolerant,,Funny,,,Trustworthy,,Dumb,,Choleric,,Egoistic,,Likeable,,Relaxed,Caring,,,Dumb,,Choleric,,Egoistic
100,662,1,23/06/2020 11:17,anonymous,EN,1,2,,9,,35,pilut,0,4,,,3,,,,,,,,,,,,,,,,,,,,,,,,,,,,,,,,,,,,,,,,,,,,,,,,,,Likeable,Funny,,,Trustworthy,Resentful,,,,Withdrawn,Egoistic,,Likeable,Funny,,,Trustworthy,,Dumb,Faithless,Choleric,,,,,,,,,,,,,,,,,,,,,,,,,,
100,736,1,23/06/2020 11:17,anonymous,EN,1,1,,5,,45,pilut,0,1,,,4,,,,,,,,,,,,,,,,,,,,,,,,,,,,,,,,,,,,,,,,,,,,,,,,,,,,,,,,,,,,,,,,,,,,,,,,,,Likeable,,Relaxed,,Trustworthy,,Dumb,,Choleric,,Egoistic,Tolerant,,Funny,,Caring,,,Dumb,,Choleric,,Egoistic
100,484,1,23/06/2020 11:17,anonymous,EN,1,2,,8,,32,pilut,1,1,,,1,Tolerant,Likeable,,,Caring,,Resentful,Dumb,Faithless,,,,Tolerant,Likeable,,,Caring,,,,,Choleric,Withdrawn,Egoistic,,,,,,,,,,,,,,,,,,,,,,,,,,,,,,,,,,,,,,,,,,,,,,,,,,,,,,,,,,,,,,,,,,,,,,,,
100,467,1,23/06/2020 11:17,anonymous,EN,1,2,,6,,28,pilut,0,1,,,1,Tolerant,Likeable,,Relaxed,,,,Dumb,Faithless,,Withdrawn,,Tolerant,Likeable,,Relaxed,,,Resentful,,,Choleric,,Egoistic,,,,,,,,,,,,,,,,,,,,,,,,,,,,,,,,,,,,,,,,,,,,,,,,,,,,,,,,,,,,,,,,,,,,,,,,
100,639,1,23/06/2020 11:17,anonymous,EN,1,2,,5,,21,pilut ,1,2,,,3,,,,,,,,,,,,,,,,,,,,,,,,,,,,,,,,,,,,,,,,,,,,,,,,,Tolerant,,,Relaxed,,Trustworthy,,,,Choleric,Withdrawn,Egoistic,Tolerant,,,Relaxed,,Trustworthy,Resentful,Dumb,Faithless,,,,,,,,,,,,,,,,,,,,,,,,,,,
100,492,1,23/06/2020 11:17,anonymous,EN,1,1,,4,,48,pilut,1,2,5e5174027df9e61a688393b0,,1,Tolerant,Likeable,,Relaxed,,,Resentful,,,Choleric,Withdrawn,,Tolerant,Likeable,,Relaxed,,,,Dumb,Faithless,,,Egoistic,,,,,,,,,,,,,,,,,,,,,,,,,,,,,,,,,,,,,,,,,,,,,,,,,,,,,,,,,,,,,,,,,,,,,,,,
100,597,1,23/06/2020 11:18,anonymous,EN,1,1,,10,Italian,26,pilut,1,1,,,4,,,,,,,,,,,,,,,,,,,,,,,,,,,,,,,,,,,,,,,,,,,,,,,,,,,,,,,,,,,,,,,,,,,,,,,,,Tolerant,Likeable,,,Caring,,Resentful,,,Choleric,,Egoistic,,,Funny,Relaxed,,Trustworthy,Resentful,,,Choleric,,Egoistic
100,501,1,23/06/2020 11:18,anonymous,EN,1,1,,5,,24,pilut,0,1,,,1,Tolerant,Likeable,,,,Trustworthy,,Dumb,Faithless,,,Egoistic,Tolerant,Likeable,,,,Trustworthy,Resentful,,,Choleric,Withdrawn,,,,,,,,,,,,,,,,,,,,,,,,,,,,,,,,,,,,,,,,,,,,,,,,,,,,,,,,,,,,,,,,,,,,,,,,,
100,700,1,23/06/2020 11:18,anonymous,EN,1,1,,5,,32,pilut,0,2,,,3,,,,,,,,,,,,,,,,,,,,,,,,,,,,,,,,,,,,,,,,,,,,,,,,,Tolerant,Likeable,,,Caring,,,,Faithless,,Withdrawn,Egoistic,Tolerant,Likeable,,,Caring,,Resentful,Dumb,,Choleric,,,,,,,,,,,,,,,,,,,,,,,,,,
100,567,1,23/06/2020 11:18,anonymous,EN,1,1,,5,,18,pilut,0,1,,,1,,Likeable,Funny,,,Trustworthy,Resentful,Dumb,,,,Egoistic,,Likeable,Funny,,,Trustworthy,,,Faithless,Choleric,Withdrawn,,,,,,,,,,,,,,,,,,,,,,,,,,,,,,,,,,,,,,,,,,,,,,,,,,,,,,,,,,,,,,,,,,,,,,,,,
100,838,1,23/06/2020 11:18,anonymous,EN,1,2,,5,,40,pilut,0,2,,,1,,Likeable,Funny,Relaxed,,,,,,Choleric,Withdrawn,Egoistic,,Likeable,Funny,Relaxed,,,Resentful,Dumb,Faithless,,,,,,,,,,,,,,,,,,,,,,,,,,,,,,,,,,,,,,,,,,,,,,,,,,,,,,,,,,,,,,,,,,,,,,,,,,,
100,572,1,23/06/2020 11:18,anonymous,EN,1,1,,5,,25,pilut,0,2,,,2,,,,,,,,,,,,,,,,,,,,,,,,,Tolerant,Likeable,,,,Trustworthy,,Dumb,,Choleric,,Egoistic,,,Funny,Relaxed,Caring,,,Dumb,,Choleric,,Egoistic,,,,,,,,,,,,,,,,,,,,,,,,,,,,,,,,,,,,,,,,,,,,,,,,
100,603,1,23/06/2020 11:19,anonymous,EN,1,2,,4,,24,pilut,0,1,,,3,,,,,,,,,,,,,,,,,,,,,,,,,,,,,,,,,,,,,,,,,,,,,,,,,Tolerant,Likeable,Funny,,,,,Dumb,,Choleric,,Egoistic,Tolerant,Likeable,Funny,,,,Resentful,,Faithless,,Withdrawn,,,,,,,,,,,,,,,,,,,,,,,,,
100,556,1,23/06/2020 11:19,anonymous,EN,1,1,,10,greek,28,pilut,0,1,,,3,,,,,,,,,,,,,,,,,,,,,,,,,,,,,,,,,,,,,,,,,,,,,,,,,Tolerant,,,Relaxed,,Trustworthy,Resentful,,Faithless,,Withdrawn,,Tolerant,,,Relaxed,,Trustworthy,,Dumb,,Choleric,,Egoistic,,,,,,,,,,,,,,,,,,,,,,,,
100,660,1,23/06/2020 11:19,anonymous,EN,1,1,,4,,47,Pilut,0,1,,,2,,,,,,,,,,,,,,,,,,,,,,,,,,Likeable,,,Caring,Trustworthy,,,Faithless,Choleric,Withdrawn,,Tolerant,,Funny,Relaxed,,,,,Faithless,Choleric,Withdrawn,,,,,,,,,,,,,,,,,,,,,,,,,,,,,,,,,,,,,,,,,,,,,,,,,
100,476,1,23/06/2020 11:19,anonymous,EN,1,1,,5,,24,pilut,1,4,,,2,,,,,,,,,,,,,,,,,,,,,,,,,Tolerant,,Funny,Relaxed,,,,,Faithless,Choleric,,Egoistic,,Likeable,,,Caring,Trustworthy,,,Faithless,Choleric,,Egoistic,,,,,,,,,,,,,,,,,,,,,,,,,,,,,,,,,,,,,,,,,,,,,,,,
100,738,1,23/06/2020 11:19,anonymous,EN,1,1,,5,,27,pilut,0,2,,,1,,,Funny,,Caring,Trustworthy,,Dumb,Faithless,,Withdrawn,,,,Funny,,Caring,Trustworthy,Resentful,,,Choleric,,Egoistic,,,,,,,,,,,,,,,,,,,,,,,,,,,,,,,,,,,,,,,,,,,,,,,,,,,,,,,,,,,,,,,,,,,,,,,,
100,962,1,23/06/2020 11:20,anonymous,EN,1,2,,4,,19,pilut,0,4,,,2,,,,,,,,,,,,,,,,,,,,,,,,,Tolerant,,,Relaxed,,Trustworthy,Resentful,,,Choleric,,Egoistic,,Likeable,Funny,,Caring,,Resentful,,,Choleric,,Egoistic,,,,,,,,,,,,,,,,,,,,,,,,,,,,,,,,,,,,,,,,,,,,,,,,
100,694,1,23/06/2020 11:20,anonymous,EN,1,2,,4,,21,pilut,1,1,,,4,,,,,,,,,,,,,,,,,,,,,,,,,,,,,,,,,,,,,,,,,,,,,,,,,,,,,,,,,,,,,,,,,,,,,,,,,Tolerant,Likeable,,Relaxed,,,,,Faithless,,Withdrawn,Egoistic,,,Funny,,Caring,Trustworthy,,,Faithless,,Withdrawn,Egoistic
100,345,1,23/06/2020 11:21,anonymous,EN,1,2,,5,,34,pilut,0,1,,,4,,,,,,,,,,,,,,,,,,,,,,,,,,,,,,,,,,,,,,,,,,,,,,,,,,,,,,,,,,,,,,,,,,,,,,,,,Tolerant,,Funny,Relaxed,,,,Dumb,Faithless,,Withdrawn,,,Likeable,,,Caring,Trustworthy,,Dumb,Faithless,,Withdrawn,
100,656,1,23/06/2020 11:21,anonymous,EN,1,1,,5,,27,Pilut,1,1,,,2,,,,,,,,,,,,,,,,,,,,,,,,,,,Funny,Relaxed,Caring,,Resentful,Dumb,,,Withdrawn,,Tolerant,Likeable,,,,Trustworthy,Resentful,Dumb,,,Withdrawn,,,,,,,,,,,,,,,,,,,,,,,,,,,,,,,,,,,,,,,,,,,,,,,,,
100,541,1,23/06/2020 11:21,anonymous,EN,1,1,,5,,20,pilut,1,1,,,4,,,,,,,,,,,,,,,,,,,,,,,,,,,,,,,,,,,,,,,,,,,,,,,,,,,,,,,,,,,,,,,,,,,,,,,,,Tolerant,,Funny,,,Trustworthy,Resentful,,Faithless,,Withdrawn,,,Likeable,,Relaxed,Caring,,Resentful,,Faithless,,Withdrawn,
100,895,1,23/06/2020 11:21,anonymous,EN,1,2,,4,,22,Pilut,0,1,link: https://app.prolific.co/submissions/complete?cc=6D9E7E39,,4,,,,,,,,,,,,,,,,,,,,,,,,,,,,,,,,,,,,,,,,,,,,,,,,,,,,,,,,,,,,,,,,,,,,,,,,,,Likeable,Funny,,,Trustworthy,Resentful,,,Choleric,,Egoistic,Tolerant,,,Relaxed,Caring,,Resentful,,,Choleric,,Egoistic
100,685,1,23/06/2020 11:21,anonymous,EN,1,2,,5,,24,pilut,1,1,,,4,,,,,,,,,,,,,,,,,,,,,,,,,,,,,,,,,,,,,,,,,,,,,,,,,,,,,,,,,,,,,,,,,,,,,,,,,,Likeable,Funny,,Caring,,Resentful,Dumb,,Choleric,,,Tolerant,,,Relaxed,,Trustworthy,Resentful,Dumb,,Choleric,,
100,759,1,23/06/2020 11:22,anonymous,EN,1,2,,4,,23,Pilut,1,1,,,2,,,,,,,,,,,,,,,,,,,,,,,,,Tolerant,,Funny,,,Trustworthy,Resentful,,,,Withdrawn,Egoistic,,Likeable,,Relaxed,Caring,,Resentful,,,,Withdrawn,Egoistic,,,,,,,,,,,,,,,,,,,,,,,,,,,,,,,,,,,,,,,,,,,,,,,,
100,808,1,23/06/2020 11:22,anonymous,EN,1,2,,4,,19,Pilut,1,1,,,2,,,,,,,,,,,,,,,,,,,,,,,,,Tolerant,Likeable,,,Caring,,Resentful,Dumb,,,Withdrawn,,,,Funny,Relaxed,,Trustworthy,Resentful,Dumb,,,Withdrawn,,,,,,,,,,,,,,,,,,,,,,,,,,,,,,,,,,,,,,,,,,,,,,,,,
100,973,1,23/06/2020 11:23,anonymous,EN,1,2,,6,,28,pilut,1,1,5e7b899a6b890e0659e5e82e,,2,,,,,,,,,,,,,,,,,,,,,,,,,,,Funny,Relaxed,,Trustworthy,,,Faithless,,Withdrawn,Egoistic,Tolerant,Likeable,,,Caring,,,,Faithless,,Withdrawn,Egoistic,,,,,,,,,,,,,,,,,,,,,,,,,,,,,,,,,,,,,,,,,,,,,,,,
100,1072,1,23/06/2020 11:23,anonymous,EN,1,2,,4,,18,pilut,1,2,,,4,,,,,,,,,,,,,,,,,,,,,,,,,,,,,,,,,,,,,,,,,,,,,,,,,,,,,,,,,,,,,,,,,,,,,,,,,,Likeable,Funny,,,Trustworthy,,Dumb,Faithless,Choleric,,,Tolerant,,,Relaxed,Caring,,,Dumb,Faithless,Choleric,,
100,933,1,23/06/2020 11:24,anonymous,EN,1,1,,5,,39,pilut,1,1,,,1,,,,Relaxed,Caring,Trustworthy,,,,Choleric,Withdrawn,Egoistic,,,,Relaxed,Caring,Trustworthy,Resentful,Dumb,Faithless,,,,,,,,,,,,,,,,,,,,,,,,,,,,,,,,,,,,,,,,,,,,,,,,,,,,,,,,,,,,,,,,,,,,,,,,,,,
100,1186,1,23/06/2020 11:26,anonymous,EN,1,1,,5,,39,pilut,0,2,,,3,,,,,,,,,,,,,,,,,,,,,,,,,,,,,,,,,,,,,,,,,,,,,,,,,,Likeable,,Relaxed,,Trustworthy,Resentful,,Faithless,Choleric,,,,Likeable,,Relaxed,,Trustworthy,,Dumb,,,Withdrawn,Egoistic,,,,,,,,,,,,,,,,,,,,,,,,
100,1604,1,23/06/2020 11:35,anonymous,EN,1,1,,7,,56,pilot,1,1,,,3,,,,,,,,,,,,,,,,,,,,,,,,,,,,,,,,,,,,,,,,,,,,,,,,,Tolerant,,Funny,,Caring,,Resentful,,Faithless,,Withdrawn,,Tolerant,,Funny,,Caring,,,Dumb,,Choleric,,Egoistic,,,,,,,,,,,,,,,,,,,,,,,,
100,1674,1,23/06/2020 11:36,anonymous,EN,1,2,,4,,35,pilut,0,1,,,4,,,,,,,,,,,,,,,,,,,,,,,,,,,,,,,,,,,,,,,,,,,,,,,,,,,,,,,,,,,,,,,,,,,,,,,,,,,Funny,Relaxed,,Trustworthy,,,Faithless,,Withdrawn,Egoistic,Tolerant,Likeable,,,Caring,,,,Faithless,,Withdrawn,Egoistic
100,1826,1,23/06/2020 11:37,anonymous,EN,1,2,,4,,21,pilut,1,4,,,1,Tolerant,,Funny,Relaxed,,,Resentful,,Faithless,,,Egoistic,Tolerant,,Funny,Relaxed,,,,Dumb,,Choleric,Withdrawn,,,,,,,,,,,,,,,,,,,,,,,,,,,,,,,,,,,,,,,,,,,,,,,,,,,,,,,,,,,,,,,,,,,,,,,,,
100,187,1,23/06/2020 11:48,anonymous,EN,1,2,,5,,18,pilut,1,1,,,1,,Likeable,,Relaxed,Caring,,Resentful,Dumb,,Choleric,,,,Likeable,,Relaxed,Caring,,,,Faithless,,Withdrawn,Egoistic,,,,,,,,,,,,,,,,,,,,,,,,,,,,,,,,,,,,,,,,,,,,,,,,,,,,,,,,,,,,,,,,,,,,,,,,
100,206,1,23/06/2020 11:48,anonymous,EN,1,2,,5,,23,pilut,1,1,,,2,,,,,,,,,,,,,,,,,,,,,,,,,Tolerant,Likeable,Funny,,,,,Dumb,,Choleric,,Egoistic,,,,Relaxed,Caring,Trustworthy,,Dumb,,Choleric,,Egoistic,,,,,,,,,,,,,,,,,,,,,,,,,,,,,,,,,,,,,,,,,,,,,,,,
100,252,1,23/06/2020 11:49,anonymous,EN,1,2,,5,,22,pilut,1,2,,,3,,,,,,,,,,,,,,,,,,,,,,,,,,,,,,,,,,,,,,,,,,,,,,,,,,Likeable,Funny,,Caring,,Resentful,Dumb,,,,Egoistic,,Likeable,Funny,,Caring,,,,Faithless,Choleric,Withdrawn,,,,,,,,,,,,,,,,,,,,,,,,,
100,278,1,23/06/2020 11:49,anonymous,EN,1,1,,4,,29,pilut,0,1,5e629bab733b6302e22e6c85,,1,,Likeable,Funny,,,Trustworthy,Resentful,,,Choleric,Withdrawn,,,Likeable,Funny,,,Trustworthy,,Dumb,Faithless,,,Egoistic,,,,,,,,,,,,,,,,,,,,,,,,,,,,,,,,,,,,,,,,,,,,,,,,,,,,,,,,,,,,,,,,,,,,,,,,
100,407,1,23/06/2020 11:51,anonymous,EN,1,1,,5,,22,pilut,0,1,,,4,,,,,,,,,,,,,,,,,,,,,,,,,,,,,,,,,,,,,,,,,,,,,,,,,,,,,,,,,,,,,,,,,,,,,,,,,,,Funny,,Caring,Trustworthy,,Dumb,,,Withdrawn,Egoistic,Tolerant,Likeable,,Relaxed,,,,Dumb,,,Withdrawn,Egoistic
100,158,1,23/06/2020 12:40,anonymous,EN,1,2,,4,,21,pilut,1,1,,,3,,,,,,,,,,,,,,,,,,,,,,,,,,,,,,,,,,,,,,,,,,,,,,,,,,Likeable,Funny,,,Trustworthy,,Dumb,Faithless,,,Egoistic,,Likeable,Funny,,,Trustworthy,Resentful,,,Choleric,Withdrawn,,,,,,,,,,,,,,,,,,,,,,,,,
100,241,1,23/06/2020 12:42,anonymous,EN,1,1,,5,,44,Pilut,1,1,5eda930095f9d06c0dd569fe,,2,,,,,,,,,,,,,,,,,,,,,,,,,Tolerant,,,,Caring,Trustworthy,Resentful,Dumb,Faithless,,,,,Likeable,Funny,Relaxed,,,Resentful,Dumb,Faithless,,,,,,,,,,,,,,,,,,,,,,,,,,,,,,,,,,,,,,,,,,,,,,,,,,,